0.0,0.0,26428885987.72088,26428885987.720879,0.6944320201873779
6.25e-05,-3245.5794443310715,26406119392.698696,26406119392.698895,0.9268779754638672
0.000125,-6492.189014287966,26383344194.94088,26383344194.941681,1.136451005935669
0.0001875,-9739.639286664911,26360560457.613808,26360560457.615608,1.3445968627929688
0.00025,-12987.740997210627,26337768244.514427,26337768244.517628,1.5567338466644287
0.0003125,-16236.305068328129,26314967620.062683,26314967620.067692,1.7704339027404785
0.000375,-19485.14263674132,26292158649.304256,26292158649.311478,1.9906270503997803
0.0004375,-22734.065080968874,26269341397.901398,26269341397.911236,2.2005839347839355
0.0005,-25982.884048752523,26246515932.131256,26246515932.144115,2.4102320671081543
0.0005625000000000001,-29231.411484191398,26223682318.884132,26223682318.900425,2.6221659183502197
0.000625,-32479.459655096027,26200840625.65534,26200840625.675468,2.8323769569396973
0.0006875,-35726.84118001387,26177990920.547276,26177990920.571655,3.0462679862976074
0.00075,-38973.36905500892,26155133272.259296,26155133272.288334,3.25642991065979
0.0008125000000000001,-42218.856680546494,26132267750.0894,26132267750.123505,3.488694906234741
0.000875,-45463.11788807868,26109394423.925663,26109394423.965244,3.696821928024292
0.0009375,-48705.96696679886,26086513364.247417,26086513364.292885,3.9061100482940674
0.001,-51947.21868962161,26063624642.11533,26063624642.167099,4.116459846496582
0.0010625,-55186.68833974243,26040728329.1734,26040728329.231876,4.3274009227752686
0.0011250000000000001,-58424.191736648616,26017824497.641644,26017824497.707241,4.539068937301636
0.0011875,-61659.545262226726,25994913220.31165,25994913220.384777,4.7616798877716064
0.00125,-64892.56588599069,25971994570.545406,25971994570.626476,4.971616983413696
0.0013125,-68123.07119147135,25949068622.26819,25949068622.357609,5.181977987289429
0.001375,-71350.87940126765,25926135449.9662,25926135450.064384,5.391288995742798
0.0014375,-74575.80940245009,25903195128.682632,25903195128.789982,5.602681875228882
0.0015,-77797.68077159984,25880247734.01248,25880247734.129414,5.814076900482178
0.0015625,-81016.31380018048,25857293342.09946,25857293342.226383,6.0224809646606445
0.0016250000000000001,-84231.5295188627,25834332029.630154,25834332029.767467,6.255163908004761
0.0016875,-87443.14972252122,25811363873.832134,25811363873.980251,6.4646289348602295
0.00175,-90650.99699448686,25788388952.469204,25788388952.628529,6.676001071929932
0.0018125,-93854.89473130938,25765407343.835243,25765407344.006184,6.884243011474609
0.001875,-97054.66716602196,25742419126.750103,25742419126.933064,7.097079038619995
0.0019375,-100250.1393927081,25719424380.559994,25719424380.755371,7.3101279735565186
0.002,-103441.13739008391,25696423185.12643,25696423185.334633,7.5338568687438965
0.0020625,-106627.48804519651,25673415620.82695,25673415621.048374,7.744502067565918
0.002125,-109809.01917640089,25650401768.547455,25650401768.782501,7.953510046005249
0.0021875,-112985.55955666289,25627381709.680664,25627381709.929729,8.166656970977783
0.0022500000000000003,-116156.9389367454,25604355526.119938,25604355526.383415,8.376230955123901
0.0023125,-119322.9880673156,25581323300.25421,25581323300.532497,8.586565017700195
0.002375,-122483.53872273376,25558285114.965546,25558285115.259037,8.796481847763062
0.0024375,-125638.42372198755,25535241053.624622,25535241053.933704,9.031713008880615
0.0025,-128787.47695133384,25512191200.0826,25512191200.407665,9.243398904800415
0.0025625,-131930.533386507,25489135638.67194,25489135639.013374,9.46034288406372
0.002625,-135067.42911458103,25466074454.19797,25466074454.55616,9.668843984603882
0.0026875000000000002,-138198.0013543085,25443007731.936554,25443007732.311874,9.88051700592041
0.00275,-141322.08847874234,25419935557.627914,25419935558.020756,10.091897010803223
0.0028125,-144439.53003508752,25396858017.472145,25396858017.882877,10.319086074829102
0.002875,-147550.16676665263,25373775198.127083,25373775198.556087,10.531628847122192
0.0029375,-150653.84063255397,25350687186.70094,25350687187.148594,10.742614030838013
0.003,-153750.3948284161,25327594070.74773,25327594071.214401,10.953245878219604
0.0030625,-156839.67380600414,25304495938.26539,25304495938.751442,11.16247296333313
0.003125,-159921.5232947915,25281392877.687263,25281392878.193069,11.37215805053711
0.0031875000000000002,-162995.79031860645,25258284977.880783,25258284978.406704,11.581625938415527
0.0032500000000000003,-166062.3232179656,25235172328.140343,25235172328.686737,11.819553852081299
0.0033125,-169120.9716677666,25212055018.184547,25212055018.751774,12.02868390083313
0.003375,-172171.586696105,25188933138.150074,25188933138.738487,12.241031885147095
0.0034375,-175214.02070375357,25165806778.58708,25165806779.197033,12.450726985931396
0.0035,-178248.12748184826,25142676030.455395,25142676031.087238,12.662395000457764
0.0035625,-181273.7622305836,25119540985.119167,25119540985.773243,12.87117600440979
0.003625,-184290.78157686646,25096401734.341515,25096401735.018166,13.10562801361084
0.0036875000000000002,-187299.04359148044,25073258370.28054,25073258370.98011,13.316359043121338
0.00375,-190298.40780782924,25050110985.484726,25050110986.207546,13.52692198753357
0.0038125,-193288.73523803105,25026959672.886906,25026959673.633312,13.736446857452393
0.003875,-196269.8883894543,25003804525.800373,25003804526.570694,13.945076942443848
0.0039375,-199241.73128294124,24980645637.914375,24980645638.708935,14.156802892684937
0.004,-202204.12946724857,24957483103.28776,24957483104.106884,14.369881868362427
0.0040625,-205156.9500370986,24934317016.3467,24934317017.190701,14.595510005950928
0.004125,-208100.06164675875,24911147471.875614,24911147472.744816,14.807833909988403
0.0041875,-211033.33452813345,24887974565.017666,24887974565.912376,15.020618915557861
0.00425,-213956.64050392728,24864798391.265938,24864798392.186466,15.23538088798523
0.0043125,-216869.85300373175,24841619046.458973,24841619047.405624,15.449668884277344
0.004375,-219772.84707894086,24818436626.777557,24818436627.750629,15.661326885223389
0.0044375000000000005,-222665.49941672437,24795251228.738354,24795251229.73814,15.90186095237732
0.0045000000000000005,-225547.68835413185,24772062949.189278,24772062950.216076,16.11316990852356
0.0045625,-228419.29389219097,24748871885.305126,24748871886.359222,16.322591066360474
0.004625,-231280.19770983493,24725678134.582535,24725678135.664215,16.53444194793701
0.0046875,-234130.28317788494,24702481794.833775,24702481795.943317,16.744565963745117
0.00475,-236969.43536949423,24679282964.182415,24679282965.320099,16.955508947372437
0.0048125,-239797.54107669205,24656081741.061142,24656081742.227242,17.17642593383789
0.004875,-242614.488819755,24632878224.201164,24632878225.395947,17.390321016311646
0.0049375,-245420.1688611,24609672512.632496,24609672513.856224,17.601932048797607
0.005,-248214.47321749636,24586464705.676353,24586464706.929287,17.8143789768219
0.0050625,-250997.2956696214,24563254902.93987,24563254904.222263,18.026823043823242
0.005125,-253768.53177643524,24540043204.313633,24540043205.625744,18.241493940353394
0.0051875,-256528.07888407464,24516829709.96355,24516829711.305622,18.44987201690674
0.00525,-259275.8361366922,24493614520.327152,24493614521.699429,18.6825749874115
0.0053125,-262011.70448946187,24470397736.109837,24470397737.512554,18.892096996307373
0.0053750000000000004,-264735.58671459847,24447179458.27834,24447179459.711735,19.10487198829651
0.0054375000000000005,-267447.3874155323,24423959788.055786,24423959789.520088,19.314640998840332
0.0055,-270147.01303393993,24400738826.91725,24400738828.412689,19.52741289138794
0.0055625,-272834.37185951165,24377516676.5853,24377516678.112087,19.74011492729187
0.005625,-275509.37403998413,24354293439.021706,24354293440.580063,19.962251901626587
0.0056875,-278171.9315888731,24331069216.428303,24331069218.018444,20.172679901123047
0.00575,-280821.9583940773,24307844111.23571,24307844112.857838,20.382964849472046
0.0058125,-283459.37022734643,24284618226.10301,24284618227.757332,20.595937967300415
0.005875,-286084.08474937844,24261391663.91056,24261391665.597275,20.807684898376465
0.0059375,-288696.02152059914,24238164527.75511,24238164529.474411,21.021198987960815
0.006,-291295.10200620565,24214936920.944447,24214936922.696522,21.230819940567017
0.0060625,-293881.24958460766,24191708946.994457,24191708948.779495,21.46338987350464
0.006125,-296454.38955244067,24168480709.620804,24168480711.438984,21.67436695098877
0.0061875,-299014.44913249894,24145252312.736187,24145252314.587681,21.885946035385132
0.00625,-301561.3574790016,24122023860.446476,24122023862.331459,22.095847845077515
0.0063125,-304095.04568433337,24098795457.041405,24098795458.960045,22.306992053985596
0.0063750000000000005,-306615.44678314927,24075567206.994682,24075567208.94714,22.520344018936157
0.0064375000000000005,-309122.4957586932,24052339214.95442,24052339216.940849,22.749989986419678
0.006500000000000001,-311616.1295467515,24029111585.741463,24029111587.762024,22.963054895401
0.0065625,-314096.28704168147,24005884424.344017,24005884426.398857,23.17266297340393
0.006625,-316562.90909926256,23982657835.908745,23982657837.998005,23.38376498222351
0.0066875,-319015.9385412018,23959431925.742397,23959431927.866222,23.59813904762268
0.00675,-321455.32015951123,23936206799.30062,23936206801.459141,23.81230401992798
0.0068125,-323881.00071889785,23912982562.186802,23912982564.380146,24.03121304512024
0.006875,-326292.92896035715,23889759320.145157,23889759322.373455,24.25930905342102
0.0069375,-328691.0556043005,23866537179.057083,23866537181.320457,24.472112894058228
0.007,-331075.3333524556,23843316244.935932,23843316247.234497,24.685958862304688
0.0070625,-333445.7168902964,23820096623.92094,23820096626.25481,24.896120071411133
0.007125,-335802.16288960155,23796878422.27271,23796878424.641991,25.11525797843933
0.0071875,-338144.6300088617,23773661746.369076,23773661748.773876,25.32805299758911
0.00725,-340473.0788957125,23750446702.700367,23750446705.140781,25.563672065734863
0.0073125,-342787.4721874179,23727233397.862312,23727233400.33844,25.778589963912964
0.0073750000000000005,-345087.77451250347,23704021938.553448,23704021941.065376,25.993106842041016
0.0074375000000000005,-347373.95248890907,23680812431.569016,23680812434.116833,26.206806898117065
0.0075,-349645.97472751315,23657604983.795723,23657604986.379505,26.421112060546875
0.0075625,-351903.81182885205,23634399702.209816,23634399704.829647,26.63841700553894
0.007625,-354147.4363848275,23611196693.86624,23611196696.522194,26.875118017196655
0.0076875,-356376.82297743525,23587996065.900154,23587996068.592297,27.089881896972656
0.00775,-358591.94817592937,23564797925.517,23564797928.245392,27.305145978927612
0.0078125,-360792.79053947976,23541602379.991795,23541602382.756504,27.519834995269775
0.007875,-362979.3306119838,23518409536.660324,23518409539.461407,27.73532199859619
0.0079375,-365151.5509211966,23495219502.918407,23495219505.755913,27.949760913848877
0.008,-367309.43597737927,23472032386.21304,23472032389.087017,28.17166495323181
0.0080625,-369452.97227052785,23448848294.04095,23448848296.951447,28.38368797302246
0.008125,-371582.14826665726,23425667333.940598,23425667336.88765,28.596617937088013
0.0081875,-373696.95440639294,23402489613.4898,23402489616.473446,28.810340881347656
0.00825,-375797.3831007568,23379315240.3006,23379315243.320869,29.02667784690857
0.0083125,-377883.42872665956,23356144322.012844,23356144325.069767,29.2422878742218
0.008375,-379955.0876250421,23332976966.290962,23332976969.384563,29.453322887420654
0.0084375,-382012.3580952046,23309813280.820522,23309813283.950821,29.689517974853516
0.0085,-384055.2403916543,23286653373.298668,23286653376.465683,29.902658939361572
0.0085625,-386083.736717419,23263497351.43422,23263497354.637966,30.118690967559814
0.008625,-388097.8512222334,23240345322.94114,23240345326.181622,30.329503059387207
0.0086875,-390097.589992686,23217197395.533115,23217197398.810345,30.544151067733765
0.00875,-392082.9610516522,23194053676.920986,23194053680.234962,30.757184982299805
0.008812500000000001,-394053.9743492081,23170914274.805225,23170914278.155945,30.993924856185913
0.008875000000000001,-396010.64175746887,23147779296.872562,23147779300.260025,31.205103874206543
0.008937500000000001,-397952.9770647371,23124648850.791878,23124648854.216072,31.419918060302734
0.009000000000000001,-399880.99596790737,23101523044.21061,23101523047.671524,31.631150007247925
0.0090625,-401794.71606671857,23078401984.74585,23078401988.243473,31.846319913864136
0.009125,-403694.15685632086,23055285779.98411,23055285783.518421,32.060988903045654
0.0091875,-405579.33971810114,23032174537.475033,23032174541.046005,32.28837990760803
0.00925,-407450.2879146217,23009068364.725834,23009068368.33345,32.501235008239746
0.0093125,-409307.02658101195,22985967369.19918,22985967372.84341,32.71746301651001
0.009375,-411149.5827150509,22962871658.306023,22962871661.986832,32.928778886795044
0.0094375,-412977.98517070926,22939781339.402004,22939781343.119366,33.1432158946991
0.0095,-414792.26464832446,22916696519.785324,22916696523.539196,33.35675597190857
0.0095625,-416592.45368675963,22893617306.68618,22893617310.476524,33.566226959228516
0.009625,-418378.58665188064,22870543807.269894,22870543811.096664,33.800060987472534
0.0096875,-420150.69973052776,22847476128.62563,22847476132.488785,34.01194190979004
0.00975,-421908.8309174931,22824414377.768143,22824414381.667629,34.22764301300049
0.0098125,-423653.02000753616,22801358661.626617,22801358665.562389,34.4420268535614
0.009875,-425383.30858458864,22778309087.045574,22778309091.017578,34.656177043914795
0.0099375,-427099.74001093925,22755265760.778984,22755265764.787159,34.86814594268799
0.01,-428802.3594169429,22732228789.484936,22732228793.529224,35.1093008518219
0.0100625,-430491.21368957375,22709198279.72104,22709198283.801384,35.31997299194336
0.010125,-432166.35146347777,22686174337.942093,22686174342.05843,35.534690856933594
0.0101875,-433827.8231056426,22663157070.493683,22663157074.645943,35.74650287628174
0.01025,-435475.68070713873,22640146583.608627,22640146587.796741,35.96153688430786
0.0103125,-437109.97806859016,22617142983.403446,22617142987.627346,36.174577951431274
0.010375,-438730.77069130476,22594146375.872135,22594146380.131748,36.398645877838135
0.0104375,-440338.11576207646,22571156866.88451,22571156871.179764,36.615803956985474
0.0105,-441932.07213980955,22548174562.179592,22548174566.510406,36.82932686805725
0.0105625,-443512.7003477214,22525199567.3613,22525199571.7276,37.04466199874878
0.010625,-445080.06255509163,22502231987.8976,22502231992.299301,37.25824594497681
0.0106875,-446634.2225656739,22479271929.11136,22479271933.548382,37.47373604774475
0.010750000000000001,-448175.245805389,22456319496.181038,22456319500.653297,37.68596005439758
0.010812500000000001,-449703.19930779486,22433374794.132885,22433374798.640297,37.91604995727539
0.010875000000000001,-451218.1517005588,22410437927.83785,22410437932.380325,38.17617988586426
0.010937500000000001,-452720.1731883465,22387509002.00841,22387509006.585865,38.390373945236206
0.011,-454209.3355451376,22364588121.194557,22364588125.806896,38.60690784454346
0.0110625,-455685.7120924915,22341675389.777058,22341675394.424191,38.822304010391235
0.011125,-457149.377690041,22318770911.967667,22318770916.649502,39.03666305541992
0.0111875,-458600.4087172644,22295874791.800232,22295874796.51667,39.27400493621826
0.01125,-460038.8830592113,22272987133.131413,22272987137.882366,39.48735499382019
0.0113125,-461464.88009392814,22250108039.63257,22250108044.417934,39.700358867645264
0.011375,-462878.48067300237,22227237614.78949,22227237619.609173,39.91305589675903
0.0114375,-464279.7671059109,22204375961.89539,22204375966.74929,40.12604904174805
0.0115,-465668.82314851804,22181523184.048256,22181523188.936275,40.34172987937927
0.0115625,-467045.7339824814,22158679384.147453,22158679389.069492,40.579872846603394
0.011625,-468410.5862004427,22135844664.888744,22135844669.8447,40.79181098937988
0.0116875,-469763.4677904783,22113019128.761818,22113019133.751587,41.005796909332275
0.01175,-471104.468118097,22090202878.044876,22090202883.068359,41.216870069503784
0.0118125,-472433.67790963745,22067396014.80126,22067396019.858353,41.432466983795166
0.011875,-473751.18923575926,22044598640.876774,22044598645.967369,41.645665884017944
0.0119375,-475057.0954933093,22021810857.89471,22021810863.018703,41.87419390678406
0.012,-476351.4913913442,21999032767.251656,21999032772.408943,42.08962798118591
0.0120625,-477634.4729276113,21976264470.115364,21976264475.305843,42.30572485923767
0.012125,-478906.1373758057,21953506067.421227,21953506072.644791,42.52898287773132
0.0121875,-480166.5832666384,21930757659.864784,21930757665.12133,42.74477195739746
0.01225,-481415.91036736954,21908019347.903255,21908019353.192673,42.957762002944946
0.0123125,-482654.21966647345,21885291231.7484,21885291237.070587,43.17122197151184
0.012375,-483881.6133555499,21862573411.36462,21862573416.719463,43.39977192878723
0.0124375,-485098.19480745523,21839865986.46443,21839865991.851833,43.61120796203613
0.0125,-486304.0685616998,21817169056.50451,21817169061.924362,43.82706904411316
0.0125625,-487499.3403014015,21794482720.684822,21794482726.13702,44.041126012802124
0.012625,-488684.11683863634,21771807077.940502,21771807083.424938,44.25783085823059
0.0126875,-489858.50609297765,21749142226.942978,21749142232.459549,44.47140884399414
0.012750000000000001,-491022.61707249295,21726488266.09335,21726488271.641949,44.7113139629364
0.012812500000000001,-492176.55985469505,21703845293.520634,21703845299.101162,44.92273807525635
0.012875000000000001,-493320.44556575944,21681213407.07762,21681213412.689972,45.13474488258362
0.012937500000000001,-494454.3863646112,21658592704.337307,21658592709.981373,45.3437979221344
0.013000000000000001,-495578.4954179583,21635983282.590332,21635983288.266018,45.55645704269409
0.0130625,-496692.88688378455,21613385238.8405,21613385244.547703,45.772237062454224
0.013125,-497797.6758913247,21590798669.80241,21590798675.541023,45.998761892318726
0.0131875,-498892.9785189167,21568223671.897934,21568223677.667862,46.21524500846863
0.01325,-499978.9117758577,21545660341.252705,21545660347.053848,46.42915987968445
0.0133125,-501055.5935808468,21523108773.69319,21523108779.525452,46.643285036087036
0.013375,-502123.1427415352,21500569064.74142,21500569070.604702,46.85958790779114
0.0134375,-503181.67893446574,21478041309.61668,21478041315.510883,47.07435488700867
0.0135,-504231.3226840708,21455525603.226048,21455525609.151077,47.290897846221924
0.0135625,-505272.1953402038,21433022040.167027,21433022046.122791,47.52484893798828
0.013625,-506304.4190613816,21410530714.72028,21410530720.706684,47.73754000663757
0.0136875,-507328.11678973783,21388051720.847958,21388051726.86491,47.95361685752869
0.01375,-508343.4122305931,21365585152.19088,21365585158.238293,48.16881990432739
0.0138125,-509350.4298335201,21343131102.06649,21343131108.144276,48.383816957473755
0.013875,-510349.29476857994,21320689663.462383,21320689669.57045,48.59825897216797
0.0139375,-511340.1329061023,21298260929.037,21298260935.175262,48.831461906433105
0.014,-512323.07079384336,21275844991.115402,21275844997.283783,49.04595899581909
0.0140625,-513298.23563793255,21253441941.684547,21253441947.882957,49.25713896751404
0.014125,-514265.7552786172,21231051872.393047,21231051878.621407,49.469698905944824
0.0141875,-515225.7581699183,21208674874.547123,21208674880.805355,49.68181896209717
0.01425,-516178.3733578995,21186311039.10695,21186311045.394974,49.895007848739624
0.0143125,-517123.73045748216,21163960456.685513,21163960463.003258,50.12368607521057
0.014375,-518061.959632407,21141623217.543777,21141623223.891167,50.33685803413391
0.0144375,-518993.19157137035,21119299411.589664,21119299417.966625,50.55262994766235
0.0145,-519917.5574669765,21096989128.373066,21096989134.77953,50.768072843551636
0.0145625,-520835.18899328855,21074692457.08745,21074692463.52335,50.982136964797974
0.014625,-521746.21828311647,21052409486.561264,21052409493.026535,51.19226694107056
0.014687500000000001,-522650.7779086318,21030140305.259617,21030140311.754196,51.41212797164917
0.014750000000000001,-523549.0008528839,21007885001.28013,21007885007.803955,51.633044958114624
0.014812500000000001,-524441.0204946407,20985643662.349293,20985643668.902306,51.8475399017334
0.014875000000000001,-525326.9705797712,20963416375.82265,20963416382.404793,52.063854932785034
0.014937500000000001,-526206.9852039965,20941203228.679234,20941203235.290455,52.278894901275635
0.015,-527081.1987856575,20919004307.519848,20919004314.160091,52.494539976119995
0.0150625,-527949.7460477832,20896819698.565662,20896819705.234882,52.707223892211914
0.015125,-528812.7619907715,20874649487.655178,20874649494.353325,52.94198298454285
0.0151875,-529670.3818736986,20852493760.240673,20852493766.967705,53.15312099456787
0.01525,-530522.74118928,20830352601.385693,20830352608.141563,53.3687539100647
0.0153125,-531369.975642553,20808226095.76646,20808226102.551132,53.58122801780701
0.015375,-532212.2211267508,20786114327.6633,20786114334.476738,53.79701805114746
0.0154375,-533049.6137022773,20764017380.962814,20764017387.804985,54.008750915527344
0.0155,-533882.2895725487,20741935339.15385,20741935346.024719,54.241214990615845
0.0155625,-534710.3850616463,20719868285.324867,20719868292.224411,54.45406794548035
0.015625,-535534.0365920761,20697816302.163357,20697816309.091545,54.67014193534851
0.0156875,-536353.3806608077,20675779471.95223,20675779478.909039,54.88060188293457
0.01575,-537168.55381795,20653757876.56636,20653757883.551773,55.096927881240845
0.0158125,-537979.6926421771,20631751597.47221,20631751604.48621,55.31137204170227
0.015875,-538786.9337202316,20609760715.726803,20609760722.769375,55.53708791732788
0.0159375,-539590.4136207958,20587785311.971077,20587785319.042206,55.755208015441895
0.016,-540390.2688750974,20565825466.432987,20565825473.532669,55.96961784362793
0.0160625,-541186.6359516828,20543881258.921963,20543881266.050194,56.1840238571167
0.016125,-541979.6512354033,20521952768.82712,20521952775.983894,56.39596700668335
0.0161875,-542769.4510029467,20500040075.116608,20500040082.301929,56.61355185508728
0.01625,-543556.171401595,20478143256.33537,20478143263.54924,56.824684858322144
0.0163125,-544339.9484240912,20456262390.601055,20456262397.843483,57.06053900718689
0.016375,-545120.9178882124,20434397555.604248,20434397562.875244,57.27200889587402
0.0164375,-545899.2154144518,20412548828.606674,20412548835.906254,57.4888699054718
0.0165,-546674.9764003564,20390716286.436844,20390716293.765022,57.69916892051697
0.0165625,-547448.3360012688,20368900005.49107,20368900012.847866,57.91377091407776
0.016625,-548219.4291037545,20347100061.72908,20347100069.114521,58.12615990638733
0.0166875,-548988.3903067958,20325316530.67417,20325316538.088284,58.35633397102356
0.01675,-549755.353897573,20303549487.40967,20303549494.852482,58.569387912750244
0.0168125,-550520.453827762,20281799006.579163,20281799014.050709,58.78431701660156
0.016875,-551283.8236936665,20260065162.381374,20260065169.881691,58.99624586105347
0.0169375,-552045.5967109032,20238348028.574245,20238348036.103374,59.21066188812256
0.017,-552805.9056942478,20216647678.464157,20216647686.022144,59.42565393447876
0.0170625,-553564.883033496,20194964184.91559,20194964192.50248,59.644768953323364
0.017125,-554322.660672553,20173297620.338623,20173297627.954472,59.8665988445282
0.0171875,-555079.3700863811,20151648056.694824,20151648064.339684,60.0799720287323
0.01725,-555835.1422589321,20130015565.491882,20130015573.165813,60.296021938323975
0.0173125,-556590.1076595029,20108400217.783722,20108400225.486782,60.510469913482666
0.017375,-557344.3962245588,20086802084.168068,20086802091.90033,60.72504186630249
0.0174375,-558098.1373317185,20065221234.784016,20065221242.545544,60.93684792518616
0.0175,-558851.4597781285,20043657739.31355,20043657747.104416,61.16945290565491
0.0175625,-559604.4917622623,20022111666.97767,20022111674.797951,61.37985587120056
0.017625000000000002,-560357.3608574129,20000583086.533794,20000583094.383572,61.5945508480072
0.017687500000000002,-561110.1939922455,19979072066.27783,19979072074.157188,61.805893898010254
0.017750000000000002,-561863.1174285888,19957578674.040924,19957578681.949955,62.021332025527954
0.017812500000000002,-562616.2567407412,19936102977.18636,19936102985.125149,62.23598599433899
0.017875000000000002,-563369.7367928578,19914645042.61154,19914645050.580185,62.46877193450928
0.017937500000000002,-564123.6817176185,19893204936.74461,19893204944.74321,62.682008028030396
0.018000000000000002,-564878.2148949301,19871782725.542942,19871782733.571598,62.89590406417847
0.0180625,-565633.4589305248,19850378474.492775,19850378482.551594,63.10917687416077
0.018125,-566389.5356349578,19828992248.60906,19828992256.698151,63.32402992248535
0.0181875,-567146.566003472,19807624112.431118,19807624120.550598,63.54115104675293
0.01825,-567904.6701923347,19786274130.023518,19786274138.173504,63.7643940448761
0.0183125,-568663.9675001875,19764942364.975468,19764942373.156082,63.98007798194885
0.018375,-569424.5763469837,19743628880.39847,19743628888.609837,64.19672083854675
0.0184375,-570186.614253584,19722333738.92443,19722333747.166679,64.40992283821106
0.0185,-570950.1978173865,19701057002.707424,19701057010.98069,64.62645506858826
0.0185625,-571715.4426987487,19679798733.420208,19679798741.724628,64.84146785736084
0.018625,-572482.4635933392,19658558992.253716,19658559000.589428,65.05509495735168
0.0186875,-573251.3742168997,19637337839.91582,19637337848.282974,65.28915905952454
0.01875,-574022.2872844132,19616135336.631577,19616135345.030315,65.5036108493805
0.0188125,-574795.3144846136,19594951542.141594,19594951550.572071,65.71815204620361
0.018875,-575570.566469402,19573786515.700073,19573786524.162449,65.93118095397949
0.0189375,-576348.1528259245,19552640316.07433,19552640324.568764,66.14704585075378
0.019,-577128.1820612467,19531513001.54645,19531513010.073109,66.35645198822021
0.0190625,-577910.7615809236,19510404629.9085,19510404638.467545,66.59632396697998
0.019125,-578695.9976694518,19489315258.46381,19489315267.055416,66.80946588516235
0.0191875,-579483.9954726347,19468244944.027664,19468244952.652008,67.02673101425171
0.01925,-580274.8589770256,19447193742.921364,19447193751.578625,67.23790502548218
0.0193125,-581068.690990825,19426161710.978203,19426161719.668568,67.45375394821167
0.019375,-581865.5931240445,19405148903.537506,19405148912.261158,67.66595602035522
0.0194375,-582665.6657741928,19384155375.44668,19384155384.203812,67.8911349773407
0.0195,-583469.0081006371,19363181181.05942,19363181189.850231,68.10462403297424
0.0195625,-584275.7180119199,19342226374.234467,19342226383.059151,68.31814289093018
0.019625,-585085.8921453132,19321291008.338478,19321291017.197243,68.53535985946655
0.0196875,-585899.6258463283,19300375136.240242,19300375145.133289,68.75002193450928
0.01975,-586717.013156043,19279478810.31284,19279478819.240387,68.96898698806763
0.0198125,-587538.1467869147,19258602082.435074,19258602091.397331,69.17717695236206
0.019875,-588363.1181104274,19237745003.986004,19237745012.983192,69.42335486412048
0.0199375,-589192.0171351205,19216907625.84952,19216907634.881859,69.63503503799438
0.02,-590024.9324915875,19196089998.410355,19196090007.478069,69.84834289550781
0.0200625,-590861.9514157725,19175292171.555504,19175292180.658829,70.05928993225098
0.020125,-591703.1597289374,19154514194.67222,19154514203.811386,70.27580094337463
0.0201875,-592548.6418236784,19133756116.6503,19133756125.825546,70.49000597000122
0.02025,-593398.4806454387,19113017985.878708,19113017995.090279,70.72196292877197
0.0203125,-594252.7576744683,19092299850.24619,19092299859.494324,70.93313097953796
0.020375,-595111.552914601,19071601757.14254,19071601766.42749,71.14744400978088
0.0204375,-595974.944869809,19050923753.456287,19050923762.778305,71.36126184463501
0.0205,-596843.0105324708,19030265885.5752,19030265894.934544,71.57535099983215
0.0205625,-597715.8253689237,19009628199.385834,19009628208.782761,71.79067707061768
0.020625,-598593.4632970474,18989010740.27405,18989010749.708828,72.00876688957214
0.0206875,-599475.996678098,18968413553.124138,18968413562.597027,72.23277401924133
0.02075,-600363.4962953298,18947836682.318157,18947836691.829437,72.4495279788971
0.0208125,-601256.0313439632,18927280171.736748,18927280181.28669,72.66448783874512
0.020875,-602153.669410928,18906744064.75858,18906744074.347462,72.8771698474884
0.0209375,-603056.4764627866,18886228404.260513,18886228413.888618,73.09616899490356
0.021,-603964.5168318194,18865733232.617474,18865733242.285084,73.30872106552124
0.0210625,-604877.8531994846,18845258591.702045,18845258601.409451,73.54379105567932
0.021125,-605796.5465814259,18824804522.883587,18824804532.631084,73.75737285614014
0.0211875,-606720.6563156368,18804371067.03098,18804371076.818863,73.97292304039001
0.02125,-607650.2400484885,18783958264.509396,18783958274.337963,74.18615007400513
0.0213125,-608585.3537173718,18763566155.183876,18763566165.053432,74.39796495437622
0.021375,-609526.0515415543,18743194778.41506,18743194788.325909,74.61537003517151
0.0214375,-610472.3860058098,18722844173.061813,18722844183.014271,74.85219097137451
0.021500000000000002,-611424.4078473658,18702514377.483406,18702514387.477779,75.06634902954102
0.021562500000000002,-612382.1660461202,18682205429.53574,18682205439.572346,75.27974390983582
0.021625000000000002,-613345.7078052788,18661917366.572216,18661917376.651379,75.4937219619751
0.021687500000000002,-614315.0785460697,18641650225.44694,18641650235.568981,75.70871996879578
0.021750000000000002,-615290.3218909715,18621404042.510605,18621404052.675846,75.92073488235474
0.021812500000000002,-616271.4796518212,18601178853.615,18601178863.82378,76.14650106430054
0.021875000000000002,-617258.5918189862,18580974694.1099,18580974704.362541,76.35938692092896
0.021937500000000002,-618251.6965488436,18560791598.844055,18560791609.1409,76.57474088668823
0.022,-619250.8301511488,18540629602.16766,18540629612.509045,76.7899260520935
0.0220625,-620256.0270810702,18520488737.930386,18520488748.316654,77.00518202781677
0.022125,-621267.3199246252,18500369039.4815,18500369049.912994,77.21768283843994
0.0221875,-622284.7393870105,18480270539.672657,18480270550.149731,77.43361306190491
0.02225,-623308.3142851257,18460193270.855442,18460193281.378441,77.66527700424194
0.0223125,-624338.0715357191,18440137264.882793,18440137275.452076,77.88040494918823
0.022375,-625374.0361445023,18420102553.111816,18420102563.727737,78.0950698852539
0.0224375,-626416.2311940832,18400089166.399467,18400089177.062386,78.30586504936218
0.0225,-627464.6778403121,18380097135.107475,18380097145.817753,78.52305793762207
0.0225625,-628519.3952944158,18360126489.10049,18360126499.858494,78.73764491081238
0.022625,-629580.4008185159,18340177257.74684,18340177268.55294,78.97571086883545
0.0226875,-630647.7097181809,18320249469.91956,18320249480.77412,79.18824601173401
0.02275,-631721.3353254824,18300343153.99724,18300343164.900635,79.40186405181885
0.0228125,-632801.2890003398,18280458337.863605,18280458348.816216,79.61421298980713
0.022875,-633887.5801129113,18260595048.90814,18260595059.910339,79.83016300201416
0.0229375,-634980.2160414262,18240753314.02849,18240753325.080658,80.04408001899719
0.023,-636079.2021607393,18220933159.628777,18220933170.7313,80.27112984657288
0.0230625,-637184.5418347892,18201134611.62131,18201134622.774578,80.48485493659973
0.023125,-638296.2364098954,18181357695.428833,18181357706.633224,80.70065593719482
0.0231875,-639414.2852075851,18161602435.98057,18161602447.236477,80.91292691230774
0.02325,-640538.6855157726,18141868857.719685,18141868869.0275,81.12885284423828
0.0233125,-641669.432581885,18122156984.597427,18122156995.957546,81.34257507324219
0.023375,-642806.5196071037,18102466840.078354,18102466851.491169,81.55752801895142
0.0234375,-643949.9377403934,18082798447.139362,18082798458.605274,81.78773093223572
0.0235,-645099.6760699148,18063151828.27062,18063151839.790024,82.00086784362793
0.0235625,-646255.7216170758,18043527005.476627,18043527017.049931,82.21556901931763
0.023625,-647418.059335018,18023924000.27715,18023924011.904755,82.42752504348755
0.0236875,-648586.6720964288,18004342833.707756,18004342845.390068,82.64474987983704
0.02375,-649761.5406922986,17984783526.32021,17984783538.057632,82.85511493682861
0.0238125,-650942.6438258768,17965246098.18577,17965246109.978714,83.09014296531677
0.023875,-652129.9581079725,17945730568.89199,17945730580.740868,83.29990601539612
0.0239375,-653323.4580510858,17926236957.548634,17926236969.45385,83.51680207252502
0.024,-654523.1160661604,17906765282.784172,17906765294.746147,83.73000884056091
0.0240625,-655728.902457355,17887315562.749374,17887315574.768517,83.94411993026733
0.024125,-656940.7854198762,17867887815.11725,17867887827.193977,84.15747594833374
0.0241875,-658158.7310334007,17848482057.08563,17848482069.220356,84.38452291488647
0.02425,-659382.7032602447,17829098305.37544,17829098317.568584,84.5985779762268
0.0243125,-660612.6639425431,17809736576.23415,17809736588.48613,84.81440806388855
0.024375,-661848.5727988485,17790396885.436165,17790396897.747402,85.0307948589325
0.0244375,-663090.3874191154,17771079248.28311,17771079260.654022,85.2447919845581
0.0245,-664338.063265581,17751783679.60625,17751783692.037258,85.45698690414429
0.0245625,-665591.5536688932,17732510193.767284,17732510206.258804,85.6750009059906
0.024625,-666850.8098257533,17713258804.658424,17713258817.210884,85.89733004570007
0.0246875,-668115.7807956996,17694029525.70552,17694029538.319344,86.11177587509155
0.02475,-669386.4135030159,17674822369.867306,17674822382.542912,86.32677602767944
0.0248125,-670662.6527324695,17655637349.63638,17655637362.374191,86.54454898834229
0.024875,-671944.4411288049,17636474477.044277,17636474489.844719,86.76142406463623
0.0249375,-673231.7191977506,17617333763.657295,17617333776.52079,86.97434687614441
0.025,-674524.4253014628,17598215220.582565,17598215233.509537,87.20888996124268
0.0250625,-675822.4956619071,17579118858.464626,17579118871.455494,87.42152500152588
0.025125,-677125.8643581619,17560044687.491676,17560044700.546867,87.63408899307251
0.0251875,-678434.4633281896,17540992717.393784,17540992730.513718,87.84887790679932
0.02525,-679748.2223686698,17521962957.44367,17521962970.628765,88.06328105926514
0.0253125,-681067.0691351335,17502955416.4603,17502955429.710987,88.27752184867859
0.025375,-682390.9291420836,17483970102.8098,17483970116.126495,88.5178689956665
0.025437500000000002,-683719.7257650606,17465007024.40526,17465007037.78838,88.73112607002258
0.025500000000000002,-685053.3802426346,17446066188.70998,17446066202.15995,88.9468879699707
0.025562500000000002,-686391.8116779076,17427147602.737133,17427147616.254368,89.15969586372375
0.025625000000000002,-687734.9370363625,17408251273.053593,17408251286.638512,89.37277603149414
0.025687500000000002,-689082.671153262,17389377205.77784,17389377219.430855,89.58534789085388
0.025750000000000002,-690434.9267333094,17370525406.585537,17370525420.307068,89.81238293647766
0.025812500000000002,-691791.6143522223,17351695880.708076,17351695894.498535,90.02849698066711
0.025875000000000002,-693152.6424629827,17332888632.93504,17332888646.794834,90.24197506904602
0.025937500000000002,-694517.9173928769,17314103667.615097,17314103681.54464,90.45893907546997
0.026000000000000002,-695887.3433537453,17295340988.660233,17295341002.659935,90.67274904251099
0.0260625,-697260.8224399515,17276600599.542725,17276600613.612988,90.8858208656311
0.026125,-698638.2546343727,17257882503.299934,17257882517.441166,91.09810590744019
0.0261875,-700019.5378128167,17239186702.53613,17239186716.74873,91.33370685577393
0.02625,-701404.5677471278,17220513199.42126,17220513213.705631,91.54791188240051
0.0263125,-702793.2381091961,17201861995.696335,17201862010.052872,91.76466488838196
0.026375,-704185.4404761681,17183233092.671284,17183233107.100384,91.97651696205139
0.0264375,-705581.0643368023,17164626491.229128,17164626505.731182,92.19163489341736
0.0265,-706979.997094665,17146042191.82715,17146042206.402548,92.40298700332642
0.0265625,-708382.1240738824,17127480194.497988,17127480209.147114,92.64136385917664
0.026625,-709787.3285244548,17108940498.851343,17108940513.574583,92.85402393341064
0.0266875,-711195.4916302045,17090423104.076797,17090423118.874531,93.0686149597168
0.02675,-712606.4925121902,17071928008.94362,17071928023.816225,93.2829258441925
0.0268125,-714020.208236008,17053455211.803776,17053455226.751621,93.4981210231781
0.026875,-715436.5138184326,17035004710.594484,17035004725.617943,93.71208596229553
0.0269375,-716855.282235109,17016576502.83721,17016576517.936649,93.93745183944702
0.027,-718276.3844263079,16998170585.642208,16998170600.817987,94.14944505691528
0.0270625,-719699.6893037527,16979786955.709604,16979786970.962082,94.3620388507843
0.027125,-721125.0637594182,16961425609.329308,16961425624.658836,94.57604885101318
0.0271875,-722552.3726741939,16943086542.385376,16943086557.792307,94.78805899620056
0.02725,-723981.4789220493,16924769750.356749,16924769765.841427,95.00324606895447
0.0273125,-725412.2433819112,16906475228.319126,16906475243.881889,95.21769690513611
0.027375,-726844.5249457536,16888202970.945604,16888202986.586788,95.44826102256775
0.0274375,-728278.1805240578,16869952972.511606,16869952988.231541,95.661052942276
0.0275,-729713.0650592378,16851725226.892643,16851725242.691652,95.87615704536438
0.0275625,-731149.0315299375,16833519727.570919,16833519743.449326,96.08905386924744
0.027625,-734037.7465669154,16816212800.837643,16816212816.858236,96.30149602890015
0.0276875,-736926.9574908814,16798927114.724731,16798927130.888304,96.51251292228699
0.02775,-739816.4272756036,16781662656.563046,16781662672.87038,96.74719786643982
0.0278125,-742705.9175288931,16764419413.336227,16764419429.788097,96.95564889907837
0.027875,-745595.1884965925,16747197371.680973,16747197388.278145,97.16506791114807
0.0279375,-748483.9990831357,16729996517.890297,16729996534.633524,97.37353491783142
0.028,-751372.1068611001,16712816837.915466,16712816854.805498,97.58891105651855
0.0280625,-754259.2680856233,16695658317.368057,16695658334.405632,97.80013489723206
0.028125,-757145.2377073037,16678520941.522535,16678520958.70838,98.01999807357788
0.0281875,-760029.7693883267,16661404695.316498,16661404712.651329,98.23108792304993
0.02825,-762912.6155108345,16644309563.35633,16644309580.840855,98.44397592544556
0.0283125,-765793.5271989873,16627235529.914972,16627235547.549885,98.6554958820343
0.028375,-768672.2543269012,16610182578.937733,16610182596.723721,98.86359691619873
0.0284375,-771548.5455360515,16593150694.043045,16593150711.980782,99.07833194732666
0.0285,-774422.1482477617,16576139858.52368,16576139876.613829,99.2846999168396
0.0285625,-777292.8086828624,16559150055.349937,16559150073.593149,99.51650905609131
0.028625,-780160.2718688662,16542181267.172775,16542181285.569685,99.72764897346497
0.0286875,-783024.2816642069,16525233476.323853,16525233494.87509,99.9423668384552
0.02875,-785884.580765365,16508306664.8191,16508306683.525274,100.15057301521301
0.0288125,-788740.9107287079,16491400814.359789,16491400833.221504,100.36148190498352
0.028875,-791593.0119830517,16474515906.336838,16474515925.354679,100.57322692871094
0.0289375,-794440.6238437527,16457651921.830307,16457651941.00485,100.80291390419006
0.029,-797283.4845339769,16440808841.614086,16440808860.945889,101.01481986045837
0.0290625,-800121.3311981751,16423986646.15567,16423986665.645279,101.22675585746765
0.029125,-802953.899914886,16407185315.6201,16407185335.268045,101.44185590744019
0.0291875,-805780.9257196313,16390404829.872768,16390404849.679567,101.65206599235535
0.02925,-808602.1426182633,16373645168.478296,16373645188.44445,101.86014485359192
0.029312500000000002,-811417.2836026928,16356906310.707367,16356906330.833361,102.073734998703
0.029375000000000002,-814226.0806694675,16340188235.53436,16340188255.820665,102.29763984680176
0.029437500000000002,-817028.2648385651,16323490921.643482,16323490942.090553,102.50557088851929
0.029500000000000002,-819823.5661674796,16306814347.428864,16306814368.03714,102.71338105201721
0.029562500000000002,-822611.7137702238,16290158490.996572,16290158511.766476,102.9201500415802
0.029625000000000002,-825392.4358346199,16273523330.168081,16273523351.100016,103.13027501106262
0.029687500000000002,-828165.4596416741,16256908842.48186,16256908863.576214,103.33872294425964
0.029750000000000002,-830930.5115806414,16240315005.195837,16240315026.452984,103.57595896720886
0.029812500000000002,-833687.3171689216,16223741795.289331,16223741816.709623,103.78788495063782
0.029875000000000002,-836435.6010692844,16207189189.465252,16207189211.049023,103.99626684188843
0.029937500000000002,-839175.0871111454,16190657164.152391,16190657185.89996,104.20596194267273
0.03,-841905.4983029678,16174145695.509104,16174145717.420767,104.41085386276245
0.0300625,-844626.5568586014,16157654759.422842,16157654781.49888,104.6203339099884
0.030125,-847337.984209473,16141184331.51544,16141184353.756115,104.83442187309265
0.0301875,-850039.5010278913,16124734387.141394,16124734409.546946,105.04938006401062
0.03025,-852730.8272423543,16108304901.39522,16108304923.965872,105.25750088691711
0.0303125,-855411.6820605737,16091895849.109917,16091895871.845867,105.46640801429749
0.030375,-858081.7839860333,16075507204.860025,16075507227.761459,105.67319989204407
0.0304375,-860740.8508390457,16059138942.964737,16059138966.031815,105.88315892219543
0.0305,-863388.5997748141,16042791037.489418,16042791060.722279,106.09183502197266
0.0305625,-866024.747305046,16026463462.249388,16026463485.648151,106.32713603973389
0.030625,-868649.0093158216,16010156190.8088,16010156214.373564,106.5382170677185
0.0306875,-871261.1010889435,15993869196.487087,15993869220.217928,106.74496984481812
0.03075,-873860.7373211748,15977602452.358582,15977602476.255552,106.95068407058716
0.0308125,-876447.6321454472,15961355931.255033,15961355955.318167,107.15634083747864
0.030875,-879021.4991508073,15945129605.768787,15945129629.998093,107.36423993110657
0.0309375,-881582.05140174,15928923448.254675,15928923472.650137,107.58216691017151
0.031,-884129.0014596169,15912737430.832386,15912737455.39397,107.79328799247742
0.0310625,-886662.0614048443,15896571525.38781,15896571550.115456,108.00142097473145
0.031125,-889180.9428551213,15880425703.577406,15880425728.471031,108.21054196357727
0.0311875,-891685.3569864002,15864299936.82866,15864299961.888157,108.4173309803009
0.03125,-894175.0145575999,15848194196.342167,15848194221.567406,108.62750601768494
0.0313125,-896649.6259269055,15832108453.09656,15832108478.487383,108.83287692070007
0.031375,-899108.9010764279,15816042677.846825,15816042703.403053,109.06575894355774
0.0314375,-901552.5496323052,15799996841.130487,15799996866.851917,109.27176785469055
0.0315,-903980.2808852338,15783970913.267084,15783970939.153482,109.4791419506073
0.0315625,-906391.8038135038,15767964864.362396,15767964890.413509,109.68357396125793
0.031625,-908786.8271039637,15751978664.308971,15751978690.524519,109.88944602012634
0.0316875,-911165.0591753804,15736012282.789429,15736012309.169104,110.09802198410034
0.03175,-913526.2081948876,15720065689.279478,15720065715.822947,110.31393384933472
0.0318125,-915869.9821084712,15704138853.049345,15704138879.756248,110.52653503417969
0.031875,-918196.0886548051,15688231743.164644,15688231770.034597,110.73260498046875
0.0319375,-920504.2353942553,15672344328.491358,15672344355.523945,110.93984603881836
0.032,-922794.1297244194,15656476577.697424,15656476604.892208,111.14589786529541
0.0320625,-925065.478907715,15640628459.252989,15640628486.609503,111.35395193099976
0.032125,-927317.9900910383,15624799941.435299,15624799968.953049,111.56129503250122
0.0321875,-929551.3703292215,15608990992.32952,15608991020.007982,111.79578590393066
0.03225,-931765.3266081675,15593201579.831812,15593201607.670439,112.00126600265503
0.0323125,-933959.565865659,15577431671.650743,15577431699.648956,112.20845484733582
0.032375,-936133.795014881,15561681235.310364,15561681263.467556,112.41355395317078
0.0324375,-938287.720967884,15545950238.152164,15545950266.467701,112.62310004234314
0.0325,-940421.0506580765,15530238647.337343,15530238675.810562,112.83255791664124
0.0325625,-942533.4910628364,15514546429.849255,15514546458.479464,113.05330085754395
0.032625,-944624.7492260722,15498873552.495558,15498873581.282034,113.26411485671997
0.0326875,-946694.5322838053,15483219981.910336,15483220010.852329,113.4721188545227
0.03275,-948742.5474837204,15467585684.556519,15467585713.653252,113.67887687683105
0.0328125,-950768.502209304,15451970626.72898,15451970655.979641,113.88811588287354
0.032875,-952772.1040070726,15436374774.554802,15436374803.958555,114.09780883789062
0.0329375,-954753.0606032014,15420798093.99775,15420798123.553722,114.30515384674072
0.033,-956711.0799323771,15405240550.858866,15405240580.566162,114.54211187362671
0.0330625,-958645.8701583219,15389702110.780855,15389702140.638544,114.75071501731873
0.033125,-960557.1397008166,15374182739.24681,15374182769.253935,114.95859503746033
0.0331875,-962444.597251337,15358682401.586578,15358682431.742146,115.1646740436554
0.03325,-964307.9518075762,15343201062.97565,15343201093.278643,115.37099599838257
0.0333125,-966146.9126872523,15327738688.43971,15327738718.889076,115.57998394966125
0.033375,-967961.1895597064,15312295242.855396,15312295273.450054,115.79788184165955
0.0334375,-969750.492463244,15296870690.953712,15296870721.692549,116.0070219039917
0.0335,-971514.5318335455,15281464997.321978,15281465028.20385,116.21790194511414
0.0335625,-973253.0185226026,15266078126.40442,15266078157.428152,116.42439103126526
0.033625,-974965.6638297513,15250710042.507523,15250710073.671909,116.63331484794617
0.0336875,-976652.1795192776,15235360709.799702,15235360741.103506,116.84070587158203
0.03375,-978312.2778456225,15220030092.314165,15220030123.756117,117.05063390731812
0.0338125,-979945.6715802769,15204718153.952156,15204718185.530956,117.28245997428894
0.033875,-981552.0740327454,15189424858.48372,15189424890.198038,117.49105787277222
0.0339375,-983131.1990758836,15174150169.551449,15174150201.39992,117.69719195365906
0.034,-984682.7611694984,15158894050.671257,15158894082.652487,117.90352392196655
0.0340625,-986206.4753847388,15143656465.234884,15143656497.347446,118.1124038696289
0.034125,-987702.0574287468,15128437376.514145,15128437408.756582,118.32136297225952
0.0341875,-989169.2236666298,15113236747.659369,15113236780.03019,118.54213285446167
0.03425,-990607.6911498777,15098054541.704924,15098054574.202608,118.75022006034851
0.0343125,-992017.1776353436,15082890721.570566,15082890754.19356,118.95690989494324
0.034375,-993397.4016134419,15067745250.061255,15067745282.807972,119.16427993774414
0.0344375,-994748.0823298873,15052618089.874237,15052618122.743061,119.37401390075684
0.0345,-996068.9398118296,15037509203.595877,15037509236.585161,119.58407497406006
0.0345625,-997359.6948913398,15022418553.707897,15022418586.81596,119.79047989845276
0.034625,-998620.0692284778,15007346102.587767,15007346135.812897,120.02447605133057
0.0346875,-999849.7853376325,14992291812.509811,14992291845.850264,120.23160886764526
0.03475,-1001048.5666104483,14977255645.650757,14977255679.104757,120.43902087211609
0.0348125,-1002216.1373400704,14962237564.088644,14962237597.654385,120.65137600898743
0.034875,-1003352.2227463285,14947237529.805408,14947237563.481052,120.85773801803589
0.0349375,-1004456.5489993106,14932255504.691305,14932255538.474981,121.06619191169739
0.035,-1005528.8432429967,14917291450.545305,14917291484.435112,121.28389501571655
0.0350625,-1006568.833621127,14902345329.076775,14902345363.07078,121.49378895759583
0.035125,-1007576.2493003637,14887417101.90849,14887417136.004728,121.70276188850403
0.035187500000000003,-1008550.8204954385,14872506730.579626,14872506764.776106,121.91282606124878
0.035250000000000004,-1009492.2784903884,14857614176.544758,14857614210.839453,122.12037587165833
0.035312500000000004,-1010400.3556681754,14842739401.180895,14842739435.571745,122.32714295387268
0.035375000000000004,-1011274.7855299314,14827882365.785059,14827882400.269979,122.5343029499054
0.035437500000000004,-1012115.3027209605,14813043031.577908,14813043066.154779,122.76683402061462
0.035500000000000004,-1012921.6430556169,14798221359.707254,14798221394.37393,122.97068095207214
0.035562500000000004,-1013693.5435425546,14783417311.248905,14783417346.003204,123.17783784866333
0.035625000000000004,-1014430.7424025758,14768630847.207237,14768630882.046951,123.38280892372131
0.035687500000000004,-1015132.9791017335,14753861928.521132,14753861963.444021,123.59049201011658
0.035750000000000004,-1015799.9943686196,14739110516.062332,14739110551.066128,123.80219101905823
0.035812500000000004,-1016431.5302218331,14724376570.639675,14724376605.722078,124.0193510055542
0.035875000000000004,-1017027.3299917872,14709660053.000977,14709660088.159662,124.23014783859253
0.035937500000000004,-1017587.138347343,14694960923.833149,14694960959.065756,124.43754196166992
0.036000000000000004,-1018110.7013173347,14680279143.767363,14680279179.071507,124.64616084098816
0.0360625,-1018597.7663164525,14665614673.37843,14665614708.751698,124.85362601280212
0.036125,-1019048.0821658832,14650967473.188412,14650967508.628357,125.06418299674988
0.0361875,-1019461.3991216356,14636337503.668455,14636337539.172607,125.27052903175354
0.03625,-1019837.468894531,14621724725.239767,14621724760.80563,125.50550985336304
0.0363125,-1020176.0446770306,14607129098.276905,14607129133.901947,125.70964789390564
0.036375,-1020476.8811654889,14592550583.109386,14592550618.791054,125.91548991203308
0.0364375,-1020739.7345803127,14577989140.023676,14577989175.759386,126.12227702140808
0.0365,-1020964.3626982904,14563444729.264303,14563444765.051449,126.32912993431091
0.0365625,-1021150.5248669479,14548917311.03788,14548917346.873825,126.5387110710144
0.036625,-1021297.9820339973,14534406845.512726,14534406881.394808,126.75756502151489
0.0366875,-1021406.4967682367,14519913292.82353,14519913328.749062,126.96799492835999
0.03675,-1021475.8332831012,14505436613.070204,14505436649.036472,127.17453503608704
0.0368125,-1021505.757461037,14490976766.322899,14490976802.327168,127.38243293762207
0.036875,-1021496.0368762556,14476533712.62144,14476533748.660944,127.59010601043701
0.0369375,-1021446.4408175059,14462107411.979311,14462107448.051262,127.79959106445312
0.037,-1021356.740311034,14447697824.384066,14447697860.485651,128.00323700904846
0.0370625,-1021226.7081467697,14433304909.800272,14433304945.928658,128.23543906211853
0.037125,-1021056.1188954641,14418928628.170755,14418928664.323082,128.44176697731018
0.0371875,-1020844.7489383789,14404568939.419048,14404568975.592432,128.64819407463074
0.03725,-1020592.3764839051,14390225803.451006,14390225839.642544,128.85378289222717
0.0373125,-1020298.7815949443,14375899180.156815,14375899216.363581,129.06343793869019
0.037375,-1019963.7462093697,14361589029.413027,14361589065.632071,129.2775468826294
0.0374375,-1019587.0541638207,14347295311.084555,14347295347.312908,129.49328589439392
0.0375,-1019168.4912150615,14333017985.025032,14333018021.259705,129.70755887031555
0.0375625,-1018707.8450643832,14318757011.082224,14318757047.320204,129.91487097740173
0.037625,-1018204.9053774106,14304512349.095278,14304512385.333536,130.12418389320374
0.0376875,-1017659.4638089814,14290283958.900604,14290283995.136091,130.32995200157166
0.03775,-1017071.3140230937,14276071800.331226,14276071836.560873,130.54006099700928
0.0378125,-1016440.2517171977,14261875833.220182,14261875869.440901,130.74816799163818
0.037875,-1015766.0746434275,14247696017.400917,14247696053.609604,130.98251795768738
0.0379375,-1015048.5826298724,14233532312.71034,14233532348.903873,131.1903920173645
0.038,-1014287.5776027631,14219384678.990044,14219384715.165281,131.39623093605042
0.0380625,-1013482.8636096548,14205253076.088661,14205253112.242453,131.6024739742279
0.038125,-1012634.2468381393,14191137463.862297,14191137499.99147,131.81066584587097
0.0381875,-1011741.5356416713,14177037802.17768,14177037838.279047,132.01933693885803
0.03825,-1010804.540557129,14162954050.914282,14162954086.984646,132.23756384849548
0.0383125,-1009823.0743281058,14148886169.964262,14148886206.000408,132.45018005371094
0.038375,-1008796.9519258986,14134834119.23624,14134834155.23494,132.65857887268066
0.0384375,-1007725.9905703452,14120797858.655401,14120797894.613415,132.8661448955536
0.0385,-1006610.0097512292,14106777348.16637,14106777384.080444,133.07569003105164
0.0385625,-1005448.831250225,14092772547.734102,14092772583.600973,133.28448390960693
0.038625,-1004242.2791595529,14078783417.34712,14078783453.163517,133.49152302742004
0.0386875,-1002990.1799046915,14064809917.017134,14064809952.779768,133.72391605377197
0.03875,-1001692.3622632866,14050852006.782522,14050852042.4881,133.93035984039307
0.0388125,-1000348.657387084,14036909646.709164,14036909682.354382,134.13785600662231
0.038875,-998958.8988220392,14022982796.89172,14022982832.473267,134.34186792373657
0.0389375,-997522.9225290671,14009071417.456963,14009071452.971521,134.55028796195984
0.039,-996040.5669013006,13995175468.563532,13995175504.007774,134.75966596603394
0.0390625,-994511.6727890586,13981294910.404753,13981294945.775349,134.9748420715332
0.039125,-992936.083513879,13967429703.21013,13967429738.503742,135.1865530014038
0.0391875,-991313.6448959864,13953579807.246834,13953579842.460119,135.3935148715973
0.03925,-989644.2052644254,13939745182.821568,13939745217.951178,135.60172986984253
0.0393125,-987927.6154852232,13925925790.281372,13925925825.323959,135.81173706054688
0.039375,-986163.7289747626,13912121590.01648,13912121624.968695,136.02104902267456
0.0394375,-984352.4017233654,13898332542.46166,13898332577.320147,136.22926497459412
0.0395,-982493.4923109574,13884558608.096102,13884558642.857504,136.46696496009827
0.0395625,-980586.861927822,13870799747.44831,13870799782.109276,136.67470407485962
0.039625,-978632.3743945775,13857055921.094025,13857055955.651197,136.87983798980713
0.0396875,-976629.8961770075,13843327089.660742,13843327124.110767,137.08932304382324
0.03975,-974579.296409665,13829613213.827574,13829613248.167103,137.29624795913696
0.0398125,-972480.4469108535,13815914254.327888,13815914288.553572,137.50476002693176
0.039875,-970333.2222007137,13802230171.949179,13802230206.057673,137.72430205345154
0.0399375,-968137.4995221703,13788560927.536507,13788560961.524469,137.93564105033875
0.04,-965893.1588564685,13774906481.993298,13774906515.857395,138.14368796348572
