0.0,0.0,26538894996.014275,26538894996.014275,0.02680492401123047
6.25e-05,468709.1271548712,26515725403.226322,26515725407.368923,0.043248891830444336
0.000125,936626.7333341652,26492499567.142937,26492499583.699879,0.05926108360290527
0.0001875,1403746.4820346904,26469217670.489628,26469217707.712189,0.07474708557128906
0.00025,1870062.0595915918,26445879898.012108,26445879964.130764,0.09032893180847168
0.0003125,2335567.175225354,26422486436.466415,26422486539.690502,0.10622191429138184
0.000375,2800255.5610880586,26399037474.60985,26399037623.12722,0.1224360466003418
0.0004375,3264120.972308891,26375533203.190353,26375533405.167042,0.13877606391906738
0.0005,3727157.187039432,26351973814.937534,26351974078.517422,0.1549830436706543
0.0005625000000000001,4189358.006497796,26328359504.551758,26328359837.856239,0.17093992233276367
0.000625,4650717.255012577,26304690468.694862,26304690879.822506,0.1868119239807129
0.0006875,5111228.78006578,26280966905.979343,26280967403.005566,0.20271706581115723
0.00075,5570886.4523363635,26257189016.958366,26257189607.935097,0.21889090538024902
0.0008125000000000001,6029684.165741957,26233357004.115402,26233357697.070759,0.23539090156555176
0.000875,6487615.837480961,26209471071.85354,26209471874.7915,0.25461792945861816
0.0009375,6944675.408074341,26185531426.485104,26185532347.385178,0.2735118865966797
0.001,7400856.841406662,26161538276.22079,26161539323.037693,0.2915480136871338
0.0010625,7856154.124767064,26137491831.15911,26137493011.822441,0.3101670742034912
0.0011250000000000001,8310561.268889884,26113392303.275436,26113393625.689354,0.32696986198425293
0.0011875,8764072.307995265,26089239906.41116,26089241378.454067,0.34420108795166016
0.00125,9216681.29982915,26065034856.26243,26065036485.786652,0.3606269359588623
0.0013125,9668382.325703703,26040777370.36963,26040779165.201099,0.3772759437561035
0.001375,10119169.4905366,26016467668.105564,26016469636.043499,0.3936920166015625
0.0014375,10569036.92289206,25992105970.664585,25992108119.481171,0.41027402877807617
0.0015,11017978.775019623,25967692501.051163,25967694838.491249,0.4267590045928955
0.0015625,11465989.222894212,25943227484.06863,25943230017.849411,0.4433109760284424
0.0016250000000000001,11913062.466256255,25918711146.307514,25918713884.118221,0.46005797386169434
0.0016875,12359192.728651468,25894143716.134346,25894146665.635937,0.47626185417175293
0.00175,12804374.25747042,25869525423.67961,25869528592.504463,0.49230504035949707
0.0018125,13248601.323988961,25844856500.826496,25844859896.578091,0.5087940692901611
0.001875,13691868.223408258,25820137181.19894,25820140811.451576,0.5248889923095703
0.0019375,14134169.27489564,25795367700.150192,25795371572.448669,0.5409340858459473
0.002,14575498.821623985,25770548294.750378,25770552416.609688,0.5569009780883789
0.0020625,15015851.23081365,25745679203.775307,25745683582.680347,0.5731048583984375
0.002125,15455220.893773455,25720760667.69404,25720765311.099308,0.5891690254211426
0.0021875,15893602.225941038,25695792928.657166,25695797843.986462,0.6053059101104736
0.0022500000000000003,16330989.666925304,25670776230.48473,25670781425.130856,0.6220560073852539
0.0023125,16767377.680548465,25645710818.65389,25645716299.978355,0.6389808654785156
0.002375,17202760.754887987,25620596940.287266,25620602715.619999,0.6555209159851074
0.0024375,17637133.402319115,25595434844.14035,25595440920.779396,0.6718299388885498
0.0025,18070490.159558523,25570224780.5895,25570231165.800751,0.6882929801940918
0.0025625,18502825.587707635,25544967001.619644,25544973702.63652,0.704387903213501
0.002625,18934134.272296224,25519661760.811832,25519668784.835011,0.7203929424285889
0.0026875000000000002,19364410.82332741,25494309313.331398,25494316667.528522,0.7365729808807373
0.00275,19793649.875321962,25468909915.914948,25468917607.420345,0.7525420188903809
0.0028125,20221846.08736524,25443463826.858475,25443471862.772869,0.7685790061950684
0.002875,20648994.143149935,25417971306.00446,25417979693.394699,0.7843000888824463
0.0029375,21075088.75102554,25392432614.7303,25392441360.629051,0.8004598617553711
0.003,21500124.644045066,25366848015.934467,25366857127.339962,0.8161489963531494
0.0030625,21924096.5800108,25341217774.02539,25341227257.901131,0.8323230743408203
0.003125,22346999.341523916,25315542154.907906,25315552018.182396,0.8499250411987305
0.0031875000000000002,22768827.736032486,25289821425.97139,25289831675.537857,0.8660838603973389
0.0032500000000000003,23189576.595881026,25264055856.076717,25264066498.792847,0.8823020458221436
0.0033125,23609240.778361477,25238245715.543747,25238256758.231388,0.8982639312744141
0.003375,24027815.16576095,25212391276.139034,25212402725.583958,0.9141879081726074
0.0034375,24445294.665415924,25186492811.06275,25186504674.014355,0.9304080009460449
0.0035,24861674.209762204,25160550594.93635,25160562878.107407,0.9461510181427002
0.0035625,25276948.75638797,25134564903.78962,25134577613.856003,0.9619998931884766
0.003625,25691113.288086027,25108536015.048428,25108549158.648853,0.9772028923034668
0.0036875000000000002,26104162.812909063,25082464207.521435,25082477791.257187,0.992743968963623
0.00375,26516092.364221808,25056349761.387917,25056363791.822598,1.0081429481506348
0.0038125,26926897.000758354,25030192958.184788,25030207441.844055,1.023352861404419
0.003875,27336571.806674555,25003994080.7939,25004009024.165195,1.0395190715789795
0.0039375,27745111.89160937,24977753413.42926,24977768822.961567,1.0550439357757568
0.004,28152512.39073557,24951471241.624386,24951487123.72797,1.070796012878418
0.0040625,28558768.464821715,24925147852.219448,24925164213.265598,1.0866670608520508
0.004125,28963875.30028867,24898783533.34858,24898800379.669353,1.1027328968048096
0.0041875,29367828.109269604,24872378574.427002,24872395912.314983,1.1186559200286865
0.00425,29770622.129666645,24845933266.138256,24845951101.846306,1.1350860595703125
0.0043125,30172252.62521386,24819447900.421486,24819466240.162479,1.1509530544281006
0.004375,30572714.885537162,24792922770.458878,24792941620.405468,1.1663620471954346
0.0044375000000000005,30972004.22621498,24766358170.661987,24766377536.946365,1.1816260814666748
0.0045000000000000005,31370115.98884036,24739754396.6602,24739774285.37384,1.196871042251587
0.0045625,31767045.541083403,24713111745.28688,24713132162.480312,1.211925983428955
0.004625,32162788.27675513,24686430514.567024,24686451466.249573,1.2276160717010498
0.0046875,32557339.61587077,24659711003.70431,24659732495.843876,1.2433390617370605
0.00475,32950695.004713055,24632953513.0685,24632975551.591309,1.2587308883666992
0.0048125,33342849.91589847,24606158344.18238,24606180934.972755,1.2741420269012451
0.004875,33733799.848441906,24579325799.70897,24579348948.6091,1.2900168895721436
0.0049375,34123540.3278224,24552456183.438686,24552479896.248386,1.3060028553009033
0.005,34512066.90605039,24525549800.276848,24525574082.75333,1.321876049041748
0.0050625,34899375.161734484,24498606956.230194,24498631814.087849,1.337885856628418
0.005125,35285460.70014684,24471627958.394672,24471653397.304825,1.3544719219207764
0.0051875,35670319.15329421,24444613114.942375,24444639140.533066,1.370290994644165
0.00525,36053946.179985575,24417562735.10852,24417589352.964294,1.3859319686889648
0.0053125,36436337.46589792,24390477129.178978,24390504344.840652,1.4018418788909912
0.0053750000000000004,36817488.72365152,24363356608.47715,24363384427.441586,1.4172210693359375
0.0054375000000000005,37197395.69287284,24336201485.351173,24336229913.071068,1.43367600440979
0.0055,37576054.140269846,24309012073.161247,24309041115.044914,1.450186014175415
0.0055625,37953459.85970031,24281788686.266697,24281818347.677849,1.466541051864624
0.005625,38329608.67224347,24254531640.01288,24254561926.270424,1.4825189113616943
0.0056875,38704496.42627007,24227241250.718872,24227272167.096687,1.498641014099121
0.00575,39078118.99751548,24199917835.66408,24199949387.390812,1.5148820877075195
0.0058125,39450472.289150566,24172561713.075783,24172593905.334633,1.5312469005584717
0.005875,39821552.23185583,24145173202.11607,24145206040.044598,1.5476510524749756
0.0059375,40191354.783889934,24117752622.869087,24117786111.558998,1.5640840530395508
0.006,40559875.931166664,24090300296.32801,24090334440.824955,1.5802130699157715
0.0060625,40927111.68732613,24062816544.38246,24062851349.685837,1.5963919162750244
0.006125,41293058.09380808,24035301689.805424,24035337160.868168,1.6127820014953613
0.0061875,41657711.21992435,24007756056.2406,24007792197.969002,1.6291658878326416
0.00625,42021067.162936345,23980179968.18911,23980216785.442616,1.6452488899230957
0.0063125,42383122.04812291,23952573750.997375,23952611248.58839,1.661362886428833
0.0063750000000000005,42743872.02885989,23924937730.843277,23924975913.536972,1.677332878112793
0.0064375000000000005,43103313.28669045,23897272234.723957,23897311107.238087,1.6934239864349365
0.006500000000000001,43461442.03140233,23869577590.443077,23869617157.447788,1.7091519832611084
0.0065625,43818254.5010983,23841854126.597263,23841894392.714905,1.7249770164489746
0.006625,44173746.962274015,23814102172.56374,23814143142.36869,1.7410829067230225
0.0066875,44527915.70989196,23786322058.4872,23786363736.505676,1.7591700553894043
0.00675,44880757.06745315,23758514115.267162,23758556505.977039,1.7773489952087402
0.0068125,45232267.38707476,23730678674.544636,23730721782.375278,1.7954208850860596
0.006875,45582443.04956255,23702816068.68967,23702859898.021751,1.813823938369751
0.0069375,45931280.46448653,23674926630.788204,23674971185.953526,1.8321070671081543
0.007,46278776.07025315,23647010694.62928,23647055979.91061,1.8483588695526123
0.0070625,46624926.3341833,23619068594.691856,23619114614.322758,1.8653309345245361
0.007125,46969727.75258202,23591100666.132183,23591147424.296841,1.8819289207458496
0.0071875,47313176.85081553,23563107244.770916,23563154745.603981,1.8984639644622803
0.00725,47655270.1833832,23535088667.079712,23535136914.666126,1.9148790836334229
0.0073125,47996004.33399574,23507045270.16882,23507094268.543663,1.9314780235290527
0.0073750000000000005,48335375.91563916,23478977391.773888,23479027144.922215,1.9473729133605957
0.0074375000000000005,48673381.57065851,23450885370.242928,23450935882.099617,1.9634089469909668
0.0075,49010017.97082583,23422769544.52356,23422820818.973148,1.9796130657196045
0.0075625,49345281.817412116,23394630254.149887,23394682295.026424,1.9956140518188477
0.007625,49679169.841262504,23366467839.22984,23366520650.316738,2.0113260746002197
0.0076875,50011678.80286592,23338282640.431618,23338336225.461498,2.0271060466766357
0.00775,50342805.49243219,23310074998.97124,23310129361.625793,2.043081045150757
0.0078125,50672546.72995423,23281845256.59933,23281900400.509167,2.058966875076294
0.007875,51000899.36528951,23253593755.588066,23253649684.332573,2.0747809410095215
0.0079375,51327860.27822376,23225320838.71853,23225377555.825737,2.0908448696136475
0.008,51653426.37854603,23197026849.2672,23197084358.213642,2.1068379878997803
0.0080625,51977594.606114954,23168712130.99334,23168770435.203915,2.1230080127716064
0.008125,52300361.93093144,23140377028.125706,23140436130.973549,2.139364004135132
0.0081875,52621725.35320558,23112021885.349773,23112081790.15612,2.1559128761291504
0.00825,52941681.90342764,23083647047.79467,23083707757.828732,2.172010898590088
0.0083125,53260228.64243357,23055252861.019814,23055314379.498653,2.1877100467681885
0.008375,53577362.66147477,23026839671.002396,23026902001.090801,2.2037649154663086
0.0084375,53893081.082285374,22998407824.12393,22998470968.934292,2.2192330360412598
0.0085,54207381.05714599,22969957667.157494,22970021629.749687,2.2355430126190186
0.0085625,54520259.76895452,22941489547.254383,22941554330.635651,2.251309871673584
0.008625,54831714.431287274,22913003811.9314,22913069419.056244,2.2673490047454834
0.0086875,55141742.28846539,22884500809.057613,22884567242.827667,2.283205032348633
0.00875,55450340.61561989,22855980886.8412,22856048150.105145,2.2987120151519775
0.008812500000000001,55757506.71875408,22827444393.8165,22827512489.369926,2.3142569065093994
0.008875000000000001,56063237.934806414,22798891678.831173,22798960609.416496,2.329663038253784
0.008937500000000001,56367531.63171527,22770323091.032593,22770392859.338951,2.3454229831695557
0.009000000000000001,56670385.208475344,22741738979.855377,22741809588.518524,2.361525058746338
0.0090625,56971796.09520539,22713139695.00785,22713211146.610062,2.377923011779785
0.009125,57271761.75319952,22684525586.459343,22684597883.52932,2.3934950828552246
0.0091875,57570279.674996786,22655897004.426617,22655970149.439392,2.4091379642486572
0.00925,57867347.38443127,22627254299.36151,22627328294.738361,2.4250149726867676
0.0093125,58162962.4366951,22598597821.937172,22598672670.045532,2.440495014190674
0.009375,58457122.418391116,22569927923.03554,22570003626.188915,2.456526041030884
0.0094375,58749824.94759356,22541244953.733765,22541321514.19165,2.472071886062622
0.0095,59041067.67390094,22512549265.29157,22512626685.259365,2.4876930713653564
0.0095625,59330848.278491944,22483841209.13784,22483919490.766781,2.5030949115753174
0.009625,59619164.474175,22455121136.857967,22455200282.245049,2.5182859897613525
0.0096875,59906014.00544734,22426389400.18043,22426469411.368328,2.5338680744171143
0.00975,60191394.648542896,22397646350.96383,22397727229.940834,2.548909902572632
0.0098125,60475304.21148411,22368892341.183926,22368974089.883881,2.564136028289795
0.009875,60757740.53413259,22340127722.920452,22340210343.222683,2.579447031021118
0.0099375,61038701.4882376,22311352848.344288,22311436342.073544,2.594860076904297
0.01,61318184.977484375,22282568069.70415,22282652438.630547,2.610250949859619
0.0100625,61596188.93754096,22253773739.31385,22253858985.152809,2.625890016555786
0.010125,61872711.336106755,22224970209.539024,22225056333.951218,2.642354965209961
0.0101875,62147750.1729549,22196157832.784237,22196244837.375546,2.658057928085327
0.01025,62421303.47997845,22167336961.480026,22167424847.801483,2.674010992050171
0.0103125,62693369.32123297,22138507948.069847,22138596717.617596,2.689758062362671
0.010375,62963945.79297795,22109671144.99704,22109760799.212292,2.7057790756225586
0.0104375,63233031.02372023,22080826904.692078,22080917444.961067,2.721292018890381
0.0105,63500623.17425376,22051975579.559334,22052067007.213287,2.7369818687438965
0.0105625,63766720.43769616,22023117521.964153,22023209838.279247,2.75266695022583
0.010625,64031321.03953002,21994253084.220207,21994346290.417549,2.7683379650115967
0.0106875,64294423.23763748,21965382618.57633,21965476715.821911,2.7836570739746094
0.010750000000000001,64556025.322338544,21936506477.203568,21936601466.608253,2.79925799369812
0.010812500000000001,64816125.61642345,21907625012.182667,21907720894.802166,2.8155620098114014
0.010875000000000001,65074722.47518803,21878738575.49065,21878835352.325493,2.831264019012451
0.010937500000000001,65331814.286466375,21849847518.98847,21849945190.98399,2.8479509353637695
0.011,65587399.470661186,21820952194.40779,21821050762.454121,2.863774061203003
0.0110625,65841476.48077495,21792052953.338512,21792152418.27055,2.87929105758667
0.011125,66094043.80243841,21763150147.215633,21763250509.813049,2.8947038650512695
0.0111875,66345099.953940004,21734244127.306923,21734345388.294155,2.910207986831665
0.01125,66594643.48625198,21705335244.69962,21705437404.745857,2.9259090423583984
0.0113125,66842672.98305427,21676423850.28808,21676526910.007271,2.941411018371582
0.011375,67089187.0607623,21647510294.761177,21647614254.712032,2.95693302154541
0.0114375,67334184.36854911,21618594928.58919,21618699789.275185,2.9731340408325195
0.0115,67577663.5883664,21589678102.011536,21589783863.880909,2.988633871078491
0.0115625,67819623.43496571,21560760165.023876,21560866828.469658,3.0040950775146484
0.011625,68060062.655922,21531841467.36587,21531949032.725887,3.0190160274505615
0.0116875,68298980.03164423,21502922358.50801,21503030826.064896,3.0354878902435303
0.01175,68536374.37540129,21474003187.63991,21474112557.621132,3.0506539344787598
0.0118125,68772244.53333311,21445084303.657,21445194576.234882,3.066092014312744
0.011875,69006589.38446695,21416166055.148422,21416277230.44017,3.081399917602539
0.0119375,69239407.84072965,21387248790.384693,21387360868.452415,3.096369981765747
0.012,69470698.84696414,21358332857.30502,21358445838.155769,3.1112489700317383
0.0120625,69700461.38093409,21329418603.505028,21329532487.090828,3.1261489391326904
0.012125,69928694.45334177,21300506376.224415,21300621162.442303,3.1416680812835693
0.0121875,70155397.10782857,21271596522.33471,21271712211.026772,3.1568779945373535
0.01225,70380568.42098865,21242689388.326942,21242805979.280357,3.1726019382476807
0.0123125,70604207.502372,21213785320.29931,21213902813.246399,3.1880669593811035
0.012375,70826313.49449109,21184884663.945175,21185003058.56345,3.2036380767822266
0.0124375,71046885.57282378,21155987764.54065,21156107060.452858,3.2190370559692383
0.0125,71265922.94581316,21127094966.932762,21127215163.706951,3.2346959114074707
0.0125625,71483424.85487337,21098206615.527184,21098327712.676758,3.2500839233398438
0.012625,71699390.57438704,21069323054.276203,21069445051.259975,3.265713930130005
0.0126875,71913819.41170329,21040444626.666904,21040567522.889172,3.285270929336548
0.012750000000000001,72126710.70713669,21011571675.70899,21011695470.519596,3.3032288551330566
0.012812500000000001,72338063.83395904,20982704543.922943,20982829236.617348,3.3208558559417725
0.012875000000000001,72547878.1984032,20953843573.3283,20953969163.147655,3.338613986968994
0.012937500000000001,72756153.23964582,20924989105.43162,20925115591.562843,3.3559510707855225
0.013000000000000001,72962888.42980573,20896141481.21503,20896268862.790878,3.3716959953308105
0.0130625,73168083.27393606,20867301041.1241,20867429317.223263,3.387320041656494
0.013125,73371737.31000717,20838468125.056442,20838597294.703625,3.403183937072754
0.0131875,73573850.1089025,20809643072.350002,20809773134.51601,3.4192590713500977
0.01325,73774421.27440219,20780826221.771717,20780957175.373547,3.4352920055389404
0.0133125,73973450.44316722,20752017911.505497,20752149755.406437,3.4514050483703613
0.013375,74170937.28472804,20723218479.141315,20723351212.151035,3.4675350189208984
0.0134375,74366881.50146234,20694428261.66334,20694561882.537998,3.4835619926452637
0.0135,74561282.82858555,20665647595.438934,20665782102.881275,3.4993278980255127
0.0135625,74754141.03412059,20636876816.207058,20637012208.866528,3.5149450302124023
0.013625,74945455.9188879,20608116259.06723,20608252535.540077,3.530885934829712
0.0136875,75135227.31647524,20579366258.4683,20579503417.297695,3.546488046646118
0.01375,75323455.09321876,20550627148.197052,20550765187.873196,3.562195062637329
0.0138125,75510139.14818096,20521899261.367535,20522038180.327789,3.577876091003418
0.013875,75695279.41311742,20493182930.409813,20493322727.038815,3.593574047088623
0.0139375,75878875.85245806,20464478487.05894,20464619159.688725,3.6093499660491943
0.014,76060928.46327306,20435786262.34422,20435927809.254353,3.6252939701080322
0.0140625,76241437.2752479,20407106586.578262,20407249005.995975,3.6415488719940186
0.014125,76420402.35065168,20378439789.346172,20378583079.446487,3.6575560569763184
0.0141875,76597823.78429976,20349786199.49505,20349930358.400925,3.673382043838501
0.01425,76773701.7035304,20321146145.122807,20321291170.905277,3.6889519691467285
0.0143125,76948036.26816264,20292519953.56836,20292665844.246674,3.704890012741089
0.014375,77120827.67046337,20263907951.400322,20264054704.942093,3.7205898761749268
0.0144375,77292076.13510951,20235310464.40706,20235458078.728413,3.736233949661255
0.0145,77461781.91915461,20206727817.585907,20206876290.551643,3.7520599365234375
0.0145625,77629945.31198174,20178160335.133312,20178309664.557049,3.7675888538360596
0.014625,77796566.63526957,20149608340.433895,20149758524.078232,3.782741069793701
0.014687500000000001,77961646.24294864,20121072156.05086,20121223191.627544,3.7978830337524414
0.014750000000000001,78125184.52115606,20092552103.715496,20092703988.885578,3.8133668899536133
0.014812500000000001,78287181.88819446,20064048504.31724,20064201236.691257,3.8285980224609375
0.014875000000000001,78447638.79448687,20035561677.89362,20035715255.031746,3.8447210788726807
0.014937500000000001,78606555.7225298,20007091943.620296,20007246363.032539,3.8606488704681396
0.015,78763933.18684188,19978639619.8012,19978794878.947563,3.876460075378418
0.0150625,78919771.73392054,19950205023.858753,19950361120.149422,3.892108917236328
0.015125,79074071.94219147,19921788472.32418,19921945403.119701,3.907505989074707
0.0151875,79226834.4219521,19893390280.827686,19893548043.439159,3.923388957977295
0.01525,79378059.81532581,19865010764.08899,19865169355.778255,3.9389150142669678
0.0153125,79527748.79620315,19836650235.907852,19836809653.887684,3.954568862915039
0.015375,79675902.07019389,19808309009.15432,19808469250.588619,3.9703428745269775
0.0154375,79822520.37456428,19779987395.759808,19780148457.763805,3.985949993133545
0.0155,79967604.47818299,19751685706.707264,19751847586.347713,4.001275062561035
0.0155625,80111155.18146566,19723404252.02245,19723566946.317841,4.016865968704224
0.015625,80253173.31631194,19695143340.764328,19695306846.685093,4.032371997833252
0.0156875,80393659.74604937,19666903281.01614,19667067595.484863,4.04777193069458
0.01575,80532615.36536577,19638684379.876465,19638849499.768093,4.063032865524292
0.0158125,80670041.10025571,19610486943.45022,19610652865.592278,4.078717947006226
0.015875,80805937.90794985,19582311276.83956,19582477998.012383,4.093997955322266
0.0159375,80940306.77685289,19554157684.13535,19554325201.072285,4.110130071640015
0.016,81073148.7264794,19526026468.408226,19526194777.795879,4.125869035720825
0.0160625,81204464.80738506,19497917931.700214,19498087030.178661,4.142131090164185
0.016125,81334256.10110056,19469832375.01576,19470002259.178795,4.157594919204712
0.0161875,81462523.72006248,19441770098.313377,19441940764.708729,4.172992944717407
0.01625,81589268.80754194,19413731400.497307,19413902845.626884,4.188597917556763
0.0163125,81714492.53757818,19385716579.40899,19385888799.729126,4.203765869140625
0.016375,81838196.11490068,19357725931.818832,19357898923.740528,4.2192299365997314
0.0164375,81960380.77486311,19329759753.417873,19329933513.30703,4.235095024108887
0.0165,82081047.78336297,19301818338.809914,19301992862.987591,4.2508299350738525
0.0165625,82200198.43677169,19273901981.502995,19274077266.245667,4.266078948974609
0.016625,82317834.06185663,19246010973.90184,19246187015.441647,4.281293869018555
0.0166875,82433956.01570737,19218145607.299488,19218322401.82449,4.296555042266846
0.01675,82548565.68565108,19190306171.86981,19190483715.524246,4.312089920043945
0.0168125,82661664.48918296,19162492956.65942,19162671245.54398,4.327831983566284
0.016875,82773253.87387928,19134706249.580204,19134885279.752281,4.343611001968384
0.0169375,82883335.31732124,19106946337.401466,19107126104.875443,4.3597259521484375
0.017,82991910.32701276,19079213505.742413,19079394006.489918,4.375285863876343
0.0170625,83098980.44029436,19051508039.06468,19051689269.014866,4.391139030456543
0.017125,83204547.22426835,19023830220.66498,19024012175.704815,4.407152891159058
0.0171875,83308612.27570301,18996180332.667465,18996363008.641983,4.4228620529174805
0.01725,83411177.22095996,18968558656.016846,18968742048.729458,4.4384870529174805
0.0173125,83512243.7158972,18940965470.470665,18941149575.683426,4.45439600944519
0.017375,83611813.4457903,18913401054.592644,18913585868.026554,4.470365047454834
0.0174375,83709888.1252403,18885865685.745377,18886051203.080666,4.486119031906128
0.0175,83806469.49808906,18858359640.083244,18858545856.95966,4.501577854156494
0.0175625,83901559.33732237,18830883192.545555,18831070104.562668,4.517595052719116
0.017625000000000002,83995159.44498962,18803436616.84984,18803624219.567341,4.533288955688477
0.017687500000000002,84087271.65210477,18776020185.48474,18776208474.422741,4.548991918563843
0.017750000000000002,84177897.81855935,18748634169.703552,18748823140.342884,4.564678907394409
0.017812500000000002,84267039.83302896,18721278839.517372,18721468487.2999,4.580661058425903
0.017875000000000002,84354699.61287627,18693954463.688675,18694144784.017601,4.5962090492248535
0.017937500000000002,84440879.10406016,18666661309.72469,18666852297.964874,4.611948013305664
0.018000000000000002,84525580.28103952,18639399643.870937,18639591295.349205,4.627887964248657
0.0180625,84608805.14667979,18612169731.10485,18612362041.11031,4.6437668800354
0.018125,84690555.73215061,18584971835.129498,18585164798.91386,4.659343957901001
0.0181875,84770834.0968363,18557806218.367283,18557999831.145191,4.67485785484314
0.01825,84849642.3282309,18530673141.953815,18530867398.903152,4.690674066543579
0.0183125,84926982.54184365,18503572865.731747,18503767761.993984,4.706045866012573
0.018375,85002856.88109383,18476505648.244556,18476701178.925068,4.72127103805542
0.0184375,85077267.51722057,18449471746.730892,18449667906.899292,4.736734867095947
0.0185,85150216.64916992,18422471417.118397,18422668201.808872,4.751888990402222
0.0185625,85221706.50350484,18395504914.01792,18395702318.229572,4.767289876937866
0.018625,85291739.33428885,18368572490.717712,18368770509.41489,4.784582853317261
0.0186875,85360317.42299752,18341674399.177635,18341873027.290283,4.802174091339111
0.01875,85427443.07840365,18314810890.023582,18315010122.447582,4.819572925567627
0.0188125,85493118.63648407,18287982212.541744,18288182044.139256,4.837167024612427
0.018875,85557346.4602978,18261188614.673206,18261389040.273022,4.855186939239502
0.0189375,85620128.93989792,18234430343.008343,18234631357.406242,4.8704750537872314
0.019,85681468.49221404,18207707642.78148,18207909240.740574,4.8862268924713135
0.0190625,85741367.56094903,18181020757.86528,18181222934.116379,4.901670932769775
0.019125,85799828.61647078,18154369930.76589,18154572680.007843,4.9175519943237305
0.0191875,85856854.15570474,18127755402.617176,18127958719.517254,4.932919979095459
0.01925,85912446.70202382,18101177413.17594,18101381292.370182,4.948762893676758
0.0193125,85966608.80513835,18074636200.816525,18074840636.910099,4.964969873428345
0.019375,86019343.04099104,18048132002.52585,18048336990.093433,4.980710029602051
0.0194375,86070652.01163557,18021665053.898415,18021870587.484558,4.996059894561768
0.0195,86120538.34513853,17995235589.13126,17995441663.250755,5.011482000350952
0.0195625,86169004.69545837,17968843841.01909,17969050450.157341,5.026738882064819
0.019625,86216053.74233353,17942490040.949448,17942697179.562859,5.042356967926025
0.0196875,86261688.19117588,17916174418.89784,17916382081.414173,5.057484865188599
0.01975,86305910.7729507,17889897203.42311,17890105384.241882,5.072915077209473
0.0198125,86348724.24406366,17863658621.662746,17863867315.155594,5.088051080703735
0.019875,86390131.386254,17837458899.32805,17837668099.839123,5.103108882904053
0.0199375,86430135.00646691,17811298260.699802,17811507962.546154,5.118558883666992
0.02,86468737.93674561,17785176928.62366,17785387126.095619,5.133935928344727
0.0200625,86505943.03411563,17759095124.5056,17759305811.867161,5.1493260860443115
0.020125,86541753.18046668,17733053068.307564,17733264239.796795,5.164546012878418
0.0201875,86576171.28243187,17707050978.543015,17707262628.372433,5.180017948150635
0.02025,86609200.27128044,17681089072.272827,17681301194.629803,5.1951000690460205
0.0203125,86640843.10278596,17655167565.10073,17655380154.147869,5.210309982299805
0.020375,86671102.75712131,17629286671.16929,17629499721.044846,5.225426912307739
0.0204375,86699982.23873138,17603446603.155666,17603660107.973938,5.241051912307739
0.0205,86727484.57621366,17577647572.26744,17577861526.119164,5.256087064743042
0.0205625,86753612.8222066,17551889788.238655,17552104185.191418,5.271765947341919
0.020625,86778370.05325603,17526173459.32576,17526388293.4244,5.28879189491272
0.0206875,86801759.36971006,17500498792.30357,17500714057.570576,5.303910970687866
0.02075,86823783.89558676,17474865992.46133,17475081682.897263,5.318896055221558
0.0208125,86844446.77845533,17449275263.59902,17449491373.182915,5.33406400680542
0.020875,86863751.18931688,17423726808.02323,17423943330.713001,5.3502209186553955
0.0209375,86881700.32248077,17398220826.543682,17398437756.276543,5.365555047988892
0.021,86898297.39544022,17372757518.46913,17372974849.162014,5.381066083908081
0.0210625,86913545.64875357,17347337081.604088,17347554807.154045,5.396588087081909
0.021125,86927448.34591655,17321959712.244858,17322177826.529488,5.412035942077637
0.0211875,86940008.77324104,17296625605.17593,17296844102.053795,5.427296876907349
0.02125,86951230.23973176,17271334953.66675,17271553826.977791,5.443041086196899
0.0213125,86961116.07696034,17246087949.467834,17246307193.033787,5.458847999572754
0.021375,86969669.6389425,17220884782.807453,17221104390.432293,5.474073886871338
0.0214375,86976894.302007,17195725642.388287,17195945607.858627,5.489060878753662
0.021500000000000002,86982793.46468067,17170610715.383842,17170831032.469378,5.504328012466431
0.021562500000000002,86987370.54755682,17145540187.43535,17145760849.889263,5.519506931304932
0.021625000000000002,86990628.9931678,17120514242.64832,17120735244.207726,5.534416913986206
0.021687500000000002,86992572.26585905,17095533063.589298,17095754397.975666,5.549478054046631
0.021750000000000002,86993203.8516715,17070596831.282799,17070818492.202379,5.564400911331177
0.021812500000000002,86992527.25820386,17045705725.207935,17045927706.352192,5.579689025878906
0.021875000000000002,86990546.01448616,17020859923.295511,17021082218.341558,5.594781875610352
0.021937500000000002,86987263.67086399,16996059601.924736,16996282204.535761,5.610416889190674
0.022,86982683.79885839,16971304935.920483,16971527839.746183,5.625561952590942
0.0220625,86976809.99104485,16946596098.550022,16946819297.227047,5.640966892242432
0.022125,86969645.8609218,16921933261.520174,16922156748.672552,5.656296968460083
0.0221875,86961195.04278667,16897316594.974503,16897540364.214077,5.671861886978149
0.02225,86951461.19160569,16872746267.490343,16872970312.417213,5.688018083572388
0.0223125,86940447.98288247,16848222446.076033,16848446760.278994,5.704253911972046
0.022375,86928159.11253163,16823745296.168104,16823969873.22508,5.7197229862213135
0.0224375,86914598.29675567,16799314981.62872,16799539815.107204,5.734636068344116
0.0225,86899769.27190192,16774931664.742731,16775156748.200233,5.751029014587402
0.0225625,86883675.79435013,16750595506.215271,16750820833.199749,5.7661919593811035
0.022625,86866321.6403669,16726306665.169012,16726532229.21932,5.78145694732666
0.0226875,86847710.60599133,16702065299.141727,16702291093.788054,5.796333074569702
0.02275,86827846.50689167,16677871564.083681,16678097582.847994,5.8123979568481445
0.0228125,86806733.17824742,16653725614.355291,16653951850.75178,5.82781195640564
0.022875,86784374.4746085,16629627602.724596,16629854050.260115,5.843647003173828
0.0229375,86760774.26977442,16605577680.364933,16605804332.539448,5.859154939651489
0.023,86735936.45665747,16581575996.852596,16581802847.15963,5.874397039413452
0.0230625,86709864.94715959,16557622700.164679,16557849742.091749,5.8897950649261475
0.023125,86682563.67203167,16533717936.676659,16533945163.705734,5.904794931411743
0.0231875,86654036.58075376,16509861851.160183,16510089256.76812,5.919996976852417
0.02325,86624287.641401,16486054586.781252,16486282164.440245,5.935320854187012
0.0233125,86593320.84050702,16462296285.09779,16462524028.275818,5.95047402381897
0.023375,86561140.18294276,16438587086.057638,16438814988.218912,5.9654529094696045
0.0234375,86527749.69178095,16414927127.996807,16415155182.602211,5.980637073516846
0.0235,86493153.40816411,16391316547.637257,16391544748.144802,5.995866060256958
0.0235625,86457355.39118102,16367755480.085022,16367983819.950291,6.010900974273682
0.023625,86420359.71772482,16344244058.828651,16344472531.505243,6.025946855545044
0.0236875,86382170.48237117,16320782415.73686,16321011014.67684,6.04121994972229
0.02375,86342791.79724455,16297370681.057335,16297599399.711681,6.05617094039917
0.0238125,86302227.79189007,16274008983.414642,16274237815.233692,6.071146011352539
0.023875,86260482.6131364,16250697449.80892,16250926388.242819,6.086235046386719
0.0239375,86217560.42497276,16227436205.613783,16227665244.112928,6.101434946060181
0.024,86173465.40841262,16204225374.575335,16204454506.590824,6.1164710521698
0.0240625,86128201.76136743,16181065078.810219,16181294297.794296,6.131278991699219
0.024125,86081773.69851296,16157955438.804426,16158184738.21093,6.146482944488525
0.0241875,86034185.45115982,16134896573.411747,16135125946.696554,6.161316871643066
0.02425,85985441.26712346,16111888599.85269,16112118040.474163,6.176161050796509
0.0243125,85935545.41059358,16088931633.71286,16089161135.13229,6.191003084182739
0.024375,85884502.16200411,16066025788.941957,16066255344.624014,6.205896854400635
0.0244375,85832315.81790224,16043171177.852499,16043400781.265667,6.2207350730896
0.0245,85778990.6908204,16020367911.118828,16020597555.735859,6.236008882522583
0.0245625,85724531.10914525,15997616097.775846,15997845777.0742,6.251162052154541
0.024625,85668941.41698408,15974915845.218184,15975145552.680466,6.266650915145874
0.0246875,85612225.97404338,15952267259.199312,15952496988.313728,6.285968065261841
0.02475,85554389.15549262,15929670443.83037,15929900188.091154,6.303727865219116
0.0248125,85495435.35183571,15907125501.579609,15907355254.487476,6.321425914764404
0.024875,85435368.96878435,15884632533.27152,15884862288.334099,6.338860034942627
0.0249375,85374194.42712836,15862191638.086214,15862421388.818489,6.355601072311401
0.025,85311916.16260207,15839802913.55858,15840032653.483332,6.371373891830444
0.0250625,85248538.62576163,15817466455.577974,15817696178.226217,6.386851072311401
0.025125,85184066.28185582,15795182358.387379,15795412057.298796,6.402328014373779
0.0251875,85118503.61069274,15772950714.583294,15773180383.306677,6.417896032333374
0.02525,85051855.10651572,15750771615.115063,15751001247.208744,6.43354606628418
0.0253125,84984125.2778749,15728645149.284698,15728874738.316988,6.449204921722412
0.025375,84915318.64749761,15706571404.746593,15706800944.296211,6.464591979980469
0.025437500000000002,84845439.75216098,15684550467.507303,15684779951.163813,6.480242013931274
0.025500000000000002,84774493.14256917,15662582421.925297,15662811843.289534,6.495323896408081
0.025562500000000002,84702483.38321686,15640667350.71119,15640896703.395693,6.510490894317627
0.025625000000000002,84629415.05227154,15618805334.92744,15619034612.556885,6.526462078094482
0.025687500000000002,84555292.74144089,15596996453.988607,15597225650.200224,6.541781902313232
0.025750000000000002,84480121.05584738,15575240785.661392,15575469894.105402,6.556649923324585
0.025812500000000002,84403904.61390579,15553538406.064865,15553767420.4049,6.571490049362183
0.025875000000000002,84326648.0471926,15531889389.670849,15532118303.584375,6.586724042892456
0.025937500000000002,84248356.00031865,15510293809.304094,15510522616.48284,6.6016340255737305
0.026000000000000002,84169033.13081096,15488751736.142849,15488980430.293219,6.617078065872192
0.0260625,84088684.10898004,15467263239.719128,15467491814.562626,6.632701873779297
0.026125,84007313.61780053,15445828387.919666,15446056837.193314,6.648313045501709
0.0261875,83924926.35277951,15424447246.986124,15424675564.442875,6.663686990737915
0.02625,83841527.02183767,15403119881.51606,15403348060.925219,6.679152965545654
0.0263125,83757120.34518585,15381846354.463696,15382074389.611324,6.694576025009155
0.026375,83671711.05519506,15360626727.140572,15360854611.829908,6.70995306968689
0.0264375,83585303.89627762,15339461059.21668,15339688787.268547,6.725106954574585
0.0265,83497903.62476236,15318349408.721476,15318576973.974682,6.740316867828369
0.0265625,83409515.0087713,15297291832.044767,15297519228.356524,6.755558013916016
0.026625,83320142.8280945,15276288383.938034,15276515605.184351,6.7704949378967285
0.0266875,83229791.87407406,15255339117.515606,15255566157.591702,6.785539865493774
0.02675,83138466.94947404,15234444084.255917,15234670937.076612,6.80091404914856
0.0268125,83046172.86836118,15213603334.003,15213829993.503124,6.816238880157471
0.026875,82952914.4559849,15192816914.967823,15193043375.102606,6.8310768604278564
0.0269375,82858696.54865497,15172084873.729822,15172311128.475286,6.846883058547974
0.027,82763523.99361765,15151407255.2387,15151633298.592062,6.862411975860596
0.0270625,82667401.64893891,15130784102.815897,15131009928.79595,6.8776750564575195
0.027125,82570334.38337931,15110215458.156393,15110441060.803904,6.892853021621704
0.0271875,82472327.07627852,15089701361.330675,15089926734.708759,6.908329010009766
0.02725,82373384.61742994,15069241850.786457,15069466988.980976,6.923511981964111
0.0273125,82273511.90696445,15048836963.350996,15049061860.470928,6.938624858856201
0.027375,82172713.85522984,15028486734.232664,15028711384.410492,6.953891038894653
0.0274375,82070995.38267197,15008191197.023745,15008415594.415825,6.969182014465332
0.0275,81968361.41971369,14987950383.702011,14988174522.488958,6.984265089035034
0.0275625,81864816.90664005,14967764324.633554,14967988199.020607,6.999213933944702
0.027625,81760366.7934737,14947633048.574816,14947856652.792208,7.0144429206848145
0.0276875,81655016.03986521,14927556582.675323,14927779910.978655,7.029759883880615
0.02775,81548769.61496492,14907534952.480007,14907757999.150604,7.044933080673218
0.0278125,81441632.49731521,14887568181.931942,14887790941.277225,7.059827089309692
0.027875,81333609.67472513,14867656293.375027,14867878759.728867,7.07497501373291
0.0279375,81224706.14415787,14847799307.556807,14848021475.279882,7.0900750160217285
0.028,81114926.91161175,14827997243.631178,14828219107.111336,7.1052069664001465
0.0280625,81004276.99200429,14808250119.161455,14808471672.814053,7.121034860610962
0.028125,80892761.40905672,14788557950.123333,14788779188.391598,7.136240005493164
0.0281875,80780385.19517444,14768920750.907928,14769141668.263294,7.151572942733765
0.02825,80667153.39133465,14749338534.325058,14749559125.267519,7.166554927825928
0.0283125,80553071.04696926,14729811311.60629,14730031570.664732,7.1820969581604
0.028375,80438143.21984825,14710339092.408457,14710559014.141003,7.197136878967285
0.0284375,80322374.97596258,14690921884.816786,14691141463.811129,7.212338924407959
0.0285,80205771.38941899,14671559695.34873,14671778926.22246,7.2275989055633545
0.0285625,80088337.54231077,14652252528.957035,14652471406.357977,7.242559909820557
0.028625,79970078.52461368,14633000389.033815,14633218907.64035,7.257493019104004
0.0286875,79850999.4340669,14613803277.413807,14614021431.935192,7.2723119258880615
0.02875,79731105.37605701,14594661194.37851,14594878979.555206,7.287534952163696
0.0288125,79610401.46350917,14575574138.659702,14575791549.263687,7.3029608726501465
0.028875,79488892.81676953,14556542107.443527,14556759138.278605,7.318203926086426
0.0289375,79366584.56349254,14537565096.374294,14537781742.276413,7.333513021469116
0.029,79243481.8385251,14518643099.558847,14518859355.396402,7.349212884902954
0.0290625,79119589.78379579,14499776109.570219,14499991970.244356,7.364764928817749
0.029125,78994913.54819879,14480964117.452145,14481179577.897066,7.3802549839019775
0.0291875,78869458.28748421,14462207112.723196,14462422167.906452,7.395928859710693
0.02925,78743229.16414246,14443505083.381165,14443719728.303951,7.411313056945801
0.029312500000000002,78616231.34728938,14424858015.907286,14425072245.604731,7.427023887634277
0.029375000000000002,78488470.01255861,14406265895.270788,14406479704.812246,7.442981958389282
0.029437500000000002,78359950.34198388,14387728704.933533,14387942089.422863,7.4592180252075195
0.029500000000000002,78230677.52388701,14369246426.854395,14369459381.430244,7.474874019622803
0.029562500000000002,78100656.75276849,14350819041.493977,14351031561.330053,7.490534067153931
0.029625000000000002,77969893.22919254,14332446527.81932,14332658608.124672,7.506057977676392
0.029687500000000002,77838392.15967557,14314128863.308788,14314340499.328068,7.5215818881988525
0.029750000000000002,77706158.75656915,14295866023.956638,14296077210.970375,7.538735866546631
0.029812500000000002,77573198.23795767,14277657984.278206,14277868717.60306,7.5560290813446045
0.029875000000000002,77439515.8275347,14259504717.314653,14259714992.303684,7.571675062179565
0.029937500000000002,77305116.7544979,14241406194.638132,14241616006.681046,7.587123870849609
0.03,77170006.25343774,14223362386.356766,14223571730.880173,7.6023430824279785
0.0300625,77034189.56421836,14205373261.119692,14205582133.587351,7.618058919906616
0.030125,76897671.93186939,14187438786.122507,14187647182.035568,7.633285045623779
0.0301875,76760458.60647911,14169558927.112337,14169766842.00959,7.648422956466675
0.03025,76622554.84307197,14151733648.39311,14151941077.85121,7.664041996002197
0.0303125,76483965.90150402,14133962912.83103,14134169852.464737,7.679120063781738
0.030375,76344697.04634614,14116246681.859781,14116453127.322187,7.694293022155762
0.0304375,76204753.54677576,14098584915.486359,14098790862.469116,7.709444046020508
0.0305,76064140.67646359,14080977572.296125,14081183016.529659,7.724808931350708
0.0305625,75922863.71345931,14063424609.458763,14063629546.7125,7.73978590965271
0.030625,75780927.94007723,14045925982.73353,14046130408.816101,7.755591869354248
0.0306875,75638338.64279298,14028481646.475332,14028685557.234787,7.773320913314819
0.03075,75495101.11212268,14011091553.640036,14011294944.964046,7.790457010269165
0.0308125,75351220.64251183,13993755655.7904,13993958523.606466,7.807631015777588
0.030875,75206702.53222622,13976473903.101944,13976676243.377588,7.825073957443237
0.0309375,75061552.08323471,13959246244.368662,13959448053.111618,7.8421080112457275
0.031,74915774.60110071,13942072627.00897,13942273900.267378,7.85768985748291
0.0310625,74769375.39486545,13924952997.071686,13925153730.934271,7.873265027999878
0.031125,74622359.77693884,13907887299.24185,13908087489.838114,7.889153003692627
0.0311875,74474733.06298438,13890875476.846914,13891075120.347301,7.904533863067627
0.03125,74326500.5718048,13873917471.8627,13874116564.478775,7.919961929321289
0.0313125,74177667.62523045,13857013224.919477,13857211762.904097,7.935184955596924
0.031375,74028239.54800752,13840162675.3082,13840360654.955666,7.950494050979614
0.0314375,73878221.6676803,13823365760.98656,13823563178.632792,7.965575933456421
0.0315,73727619.31448053,13806622418.585232,13806819270.607916,7.980648040771484
0.0315625,73576437.82121351,13789932583.414211,13790128866.232954,7.996052026748657
0.031625,73424682.52314375,13773296189.468876,13773491899.545353,8.010916948318481
0.0316875,73272358.7578789,13756713169.436514,13756908303.274612,8.025961875915527
0.03175,73119471.86525701,13740183454.702467,13740378008.848421,8.040903091430664
0.0318125,72966027.18723683,13723706975.35687,13723900946.399399,8.055948972702026
0.031875,72812030.06777143,13707283660.20047,13707477044.770908,8.070734024047852
0.0319375,72657485.8527071,13690913436.751602,13691106231.524025,8.085680961608887
0.032,72502399.8896577,13674596231.252392,13674788432.943739,8.101103067398071
0.0320625,72346777.52789529,13658331968.675255,13658523574.045444,8.11626386642456
0.032125,72190624.1182332,13642120572.729528,13642311578.581572,8.131546974182129
0.0321875,72033945.01291163,13625961965.867935,13626152369.048046,8.14665699005127
0.03225,71876745.5654791,13609856069.293177,13610045866.690876,8.162179946899414
0.0323125,71719031.1306789,13593802802.964445,13593991991.512659,8.177263975143433
0.032375,71560807.0643332,13577802085.604317,13577990662.279474,8.192496061325073
0.0324375,71402078.72322604,13561853834.705042,13562041796.527168,8.207846879959106
0.0325,71242851.4649855,13545957966.535513,13546145310.56831,8.222930908203125
0.0325625,71083130.64797044,13530114396.147686,13530301119.498619,8.238563060760498
0.032625,70922921.63114943,13514323037.383575,13514509137.203953,8.25363802909851
0.0326875,70762229.77398881,13498583802.881752,13498769276.366796,8.268887996673584
0.03275,70601060.43632951,13482896604.08431,13483081448.47323,8.283782958984375
0.0328125,70439418.97827247,13467261351.243362,13467445563.819412,8.298712015151978
0.032875,70277310.76006411,13451677953.428144,13451861531.518694,8.313727855682373
0.0329375,70114741.1419715,13436146318.53159,13436329259.508171,8.328824996948242
0.033,69951715.48416911,13420666353.277227,13420848654.555592,8.344343900680542
0.0330625,69788239.14662077,13405237963.226072,13405419622.266237,8.359803915023804
0.033125,69624317.4889585,13389861052.78343,13390042067.089722,8.37535285949707
0.0331875,69459955.8703635,13374535525.205788,13374715892.326878,8.390524864196777
0.03325,69295159.6494511,13359261282.607723,13359441000.136667,8.405725955963135
0.0333125,69129934.18414551,13344038225.968716,13344217291.542978,8.421416997909546
0.033375,68964284.83156845,13328866255.140167,13329044666.44165,8.436654090881348
0.0334375,68798216.9479105,13313745268.852299,13313923023.607361,8.452019929885864
0.0335,68631735.88831949,13298675164.72109,13298852260.700567,8.467357873916626
0.0335625,68464847.00677466,13283655839.255186,13283832274.274395,8.48258900642395
0.033625,68297555.65596883,13268687187.862968,13268862959.781727,8.497591018676758
0.0336875,68129867.18718702,13253769104.859354,13253944211.581972,8.512485027313232
0.03375,67961786.95018898,13238901483.472952,13239075922.948238,8.527678966522217
0.0338125,67793320.29308233,13224084215.853027,13224257986.074286,8.542160034179688
0.033875,67624472.56220753,13209317193.076391,13209490292.081406,8.556983947753906
0.0339375,67455249.10201359,13194600305.154577,13194772731.025597,8.57210087776184
0.034,67285655.25493787,13179933441.040636,13180105191.904364,8.58732008934021
0.0340625,67115696.3612835,13165316488.636477,13165487562.664042,8.602632999420166
0.034125,66945377.75909673,13150749334.799524,13150919730.206455,8.617944955825806
0.0341875,66774704.78404719,13136231865.350224,13136401580.396421,8.634167909622192
0.03425,66603682.76930738,13121763965.078592,13121932998.068291,8.649399042129517
0.0343125,66432317.04542299,13107345517.751654,13107513867.033381,8.664747953414917
0.034375,66260612.94019985,13092976406.120323,13093144070.086859,8.679938077926636
0.0344375,66088575.7785733,13078656511.926525,13078823489.014849,8.695271015167236
0.0345,65916210.882491186,13064385715.910292,13064552004.601534,8.7102689743042
0.0345625,65743523.57078826,13050163897.816664,13050329496.636049,8.725280046463013
0.034625,65570519.159060955,13035990936.403112,13036155843.919897,8.740608930587769
0.0346875,65397202.95954943,13021866709.446295,13022030924.273703,8.755433082580566
0.03475,65223580.28101131,13007791093.749338,13007954614.544489,8.770473003387451
0.0348125,65049656.42859616,12993763965.1489,12993926790.612741,8.785458087921143
0.034875,64875436.7037246,12979785198.522165,12979947327.399391,8.801450967788696
0.0349375,64700926.40396468,12965854667.79405,12966016098.873018,8.816462993621826
0.035,64526130.82290737,12951972245.944387,12952132978.057039,8.831516981124878
0.0350625,64351055.250041455,12938137805.014774,12938297837.036537,8.847325086593628
0.035125,64175704.97062941,12924351216.115969,12924510546.965668,8.862372875213623
0.035187500000000003,64000085.265585355,12910612349.434784,12910770978.074545,8.878001928329468
0.035250000000000004,63824201.41135001,12896921074.24136,12897078999.676504,8.89306092262268
0.035312500000000004,63648058.67976365,12883277258.896126,12883434480.175066,8.908482074737549
0.035375000000000004,63471662.33794555,12869680770.857124,12869837287.071253,8.923387050628662
0.035437500000000004,63295017.648166336,12856131476.686905,12856287286.970484,8.93856406211853
0.035500000000000004,63118129.867726065,12842629242.059784,12842784345.589825,8.953794002532959
0.035562500000000004,62941004.248825625,12829173931.76896,12829328327.765102,8.9688720703125
0.035625000000000004,62763646.03844609,12815765409.733614,12815919097.457996,8.983818054199219
0.035687500000000004,62586060.47822331,12802403539.005936,12802556517.763079,8.998617887496948
0.035750000000000004,62408252.80431954,12789088181.778488,12789240450.915148,9.013697862625122
0.035812500000000004,62230228.24730135,12775819199.391058,12775970758.296095,9.02878189086914
0.035875000000000004,62051992.03201592,12762596452.337992,12762747300.44223,9.04419493675232
0.035937500000000004,61873549.3774627,12749419800.27521,12749569937.051294,9.059290885925293
0.036000000000000004,61694905.49667166,12736289102.027327,12736438526.989571,9.074428081512451
0.0360625,61516065.59657585,12723204215.594885,12723352928.299126,9.089305877685547
0.036125,61337034.87788789,12710164998.161356,12710312998.204792,9.104331016540527
0.0361875,61157818.53497524,12697171306.100336,12697318593.12137,9.119487047195435
0.03625,60978421.75573216,12684222994.98267,12684369568.660751,9.134408950805664
0.0363125,60798849.7214605,12671319919.583452,12671465779.638906,9.14907693862915
0.036375,60619107.606738284,12658461933.889467,12658607080.083326,9.164172887802124
0.0364375,60439200.579301395,12645648891.105846,12645793323.239677,9.178991079330444
0.0365,60259133.79991268,12632880643.663702,12633024361.57943,9.193687915802002
0.0365625,60078912.42224057,12620157043.226767,12620300046.806494,9.208569049835205
0.036625,59898541.59273431,12607477940.698898,12607620229.864725,9.223320007324219
0.0366875,59718026.45049842,12594843186.231022,12594984760.944857,9.238022089004517
0.03675,59537372.12716767,12582252629.228168,12582393489.491535,9.25585389137268
0.0368125,59356583.746783726,12569706118.356815,12569846264.210667,9.274832010269165
0.036875,59175666.42567053,12557203501.551836,12557342933.076353,9.292119026184082
0.0369375,58994625.272308536,12544744626.023638,12544883343.33803,9.309431076049805
0.037,58813465.387213446,12532329338.265364,12532467341.52767,9.326787948608398
0.0370625,58632191.86280851,12519957484.059855,12520094773.466732,9.342609882354736
0.037125,58450809.78330345,12507628908.486961,12507765484.273483,9.358093023300171
0.0371875,58269324.22456779,12495343455.930412,12495479318.369846,9.373878002166748
0.03725,58087740.25401136,12483100970.085222,12483236119.488825,9.389559030532837
0.0373125,57906062.93045589,12470901293.964388,12471035730.681183,9.405096054077148
0.037375,57724297.304015085,12458744269.906458,12458877994.323013,9.42042088508606
0.0374375,57542448.41597001,12446629739.582321,12446762752.122528,9.436331987380981
0.0375,57360521.29864434,12434557544.002384,12434689845.12723,9.453007936477661
0.0375625,57178520.97528506,12422527523.52365,12422659113.730986,9.46853494644165
0.037625,56996452.45993624,12410539517.856977,12410670397.681292,9.483968019485474
0.0376875,56814320.75731875,12398593366.07392,12398723536.086096,9.499356985092163
0.03775,56632130.862707086,12386688906.613976,12386818367.421061,9.514496088027954
0.0378125,56449887.76180577,12374825977.291742,12374954729.536705,9.529403924942017
0.037875,56267596.4306298,12363004415.303759,12363132459.665241,9.544311046600342
0.0379375,56085261.835383505,12351224057.2359,12351351394.42798,9.559234857559204
0.038,55902888.93233276,12339484739.070162,12339611369.842098,9.574119091033936
0.0380625,55720482.66769225,12327786296.192043,12327912221.328033,9.589112043380737
0.038125,55538047.97749832,12316128563.39738,12316253783.716295,9.604655027389526
0.0381875,55355589.78749108,12304511374.89951,12304635891.254652,9.619891881942749
0.03825,55173113.01299106,12292934564.336365,12293058377.615198,9.635179042816162
0.0383125,54990622.5587842,12281397964.77758,12281521075.901482,9.650384902954102
0.038375,54808123.318995535,12269901408.731451,12270023818.655439,9.665816068649292
0.0384375,54625620.1769721,12258444728.15212,12258566437.864594,9.680969953536987
0.0385,54443118.005166106,12247027754.446466,12247148764.968939,9.696094036102295
0.0385625,54260621.665009886,12235650318.4814,12235770630.868227,9.711490869522095
0.038625,54078136.00680305,12224312250.590813,12224431865.928926,9.726485013961792
0.0386875,53895665.86958943,12213013380.58247,12213132299.991104,9.74156904220581
0.03875,53713216.08104128,12201753537.745476,12201871762.375887,9.756414890289307
0.0388125,53530791.45734077,12190532550.856773,12190650081.891966,9.771604061126709
0.038875,53348396.80306166,12179350248.188627,12179467086.843077,9.786206007003784
0.0389375,53166036.91105219,12168206457.515537,12168322605.034912,9.801136016845703
0.039,52983716.56231847,12157101006.12121,12157216463.782082,9.816484928131104
0.0390625,52801440.52590737,12146033720.80563,12146148489.91519,9.832031965255737
0.039125,52619213.55879151,12135004427.892056,12135118509.787836,9.847764015197754
0.0391875,52437040.40575187,12124012953.234198,12124126349.283775,9.862989902496338
0.03925,52254925.799261555,12113059122.223085,12113171833.823799,9.87880802154541
0.0393125,52072874.45937281,12102142759.794123,12102254788.372776,9.894047975540161
0.039375,51890891.093602106,12091263690.43405,12091375037.446623,9.909323930740356
0.0394375,51708980.396812215,12080421738.188147,12080532405.119503,9.924566984176636
0.0395,51527147.05110332,12069616726.667105,12069726715.030693,9.939691066741943
0.0395625,51345395.72569395,12058848479.053902,12058957790.391457,9.954833984375
0.039625,51163731.07681268,12048116818.111073,12048225453.992325,9.969878911972046
0.0396875,50982157.74758144,12037421566.187511,12037529528.209881,9.985188007354736
0.03975,50800680.36790583,12026762545.225498,12026869835.013796,10.000032901763916
0.0398125,50619303.55436003,12016139576.76777,12016246195.973894,10.014991998672485
0.039875,50438031.910079844,12005552481.964376,12005658432.26701,10.02993392944336
0.0399375,50256870.024646066,11995001081.579657,11995106364.683966,10.044827938079834
0.04,50075822.473978,11984485195.999462,11984589813.636791,10.059882879257202
